game_date_est,game_sequence,game_id,game_status_id,game_status_text,gamecode,home_team_id,visitor_team_id,season,live_period,live_pc_time,natl_tv_broadcaster_abbreviation,live_period_time_bcast,wh_status
2023-06-12 0:00:00,1,42200405,3,Final,20230612/MIADEN,1610612743,1610612748,2022,4,,ABC,Q4       - ABC,1
2023-06-09 0:00:00,1,42200404,3,Final,20230609/DENMIA,1610612748,1610612743,2022,4,,ABC,Q4       - ABC,1
2023-06-07 0:00:00,1,42200403,3,Final,20230607/DENMIA,1610612748,1610612743,2022,4,,ABC,Q4       - ABC,1
2023-06-04 0:00:00,1,42200402,3,Final,20230604/MIADEN,1610612743,1610612748,2022,4,,ABC,Q4       - ABC,1
2023-06-01 0:00:00,1,42200401,3,Final,20230601/MIADEN,1610612743,1610612748,2022,4,,ABC,Q4       - ABC,1
2023-05-29 0:00:00,1,42200307,3,Final,20230529/MIABOS,1610612738,1610612748,2022,4,,TNT,Q4       - TNT,1
2023-05-27 0:00:00,1,42200306,3,Final,20230527/BOSMIA,1610612748,1610612738,2022,4,,TNT,Q4       - TNT,1
2023-05-25 0:00:00,1,42200305,3,Final,20230525/MIABOS,1610612738,1610612748,2022,4,,TNT,Q4       - TNT,1
2023-05-23 0:00:00,1,42200304,3,Final,20230523/BOSMIA,1610612748,1610612738,2022,4,,TNT,Q4       - TNT,1
2023-05-22 0:00:00,1,42200314,3,Final,20230522/DENLAL,1610612747,1610612743,2022,4,,ESPN,Q4       - ESPN,1
2023-05-21 0:00:00,1,42200303,3,Final,20230521/BOSMIA,1610612748,1610612738,2022,4,,TNT,Q4       - TNT,1
2023-05-20 0:00:00,1,42200313,3,Final,20230520/DENLAL,1610612747,1610612743,2022,4,,ABC,Q4       - ABC,1
2023-05-19 0:00:00,1,42200302,3,Final,20230519/MIABOS,1610612738,1610612748,2022,4,,TNT,Q4       - TNT,1
2023-05-18 0:00:00,1,42200312,3,Final,20230518/LALDEN,1610612743,1610612747,2022,4,,ESPN,Q4       - ESPN,1
2023-05-17 0:00:00,1,42200301,3,Final,20230517/MIABOS,1610612738,1610612748,2022,4,,TNT,Q4       - TNT,1
2023-05-16 0:00:00,1,42200311,3,Final,20230516/LALDEN,1610612743,1610612747,2022,4,,ESPN,Q4       - ESPN,1
2023-05-14 0:00:00,3,42200217,3,Final,20230514/PHIBOS,1610612738,1610612755,2022,4,,ABC,Q4       - ABC,1
2023-05-12 0:00:00,2,42200236,3,Final,20230512/GSWLAL,1610612747,1610612744,2022,4,,ESPN,Q4       - ESPN,1
2023-05-12 0:00:00,1,42200206,3,Final,20230512/NYKMIA,1610612748,1610612752,2022,4,,ESPN,Q4       - ESPN,1
2023-05-11 0:00:00,1,42200216,3,Final,20230511/BOSPHI,1610612755,1610612738,2022,4,,ESPN,Q4       - ESPN,1
2023-05-11 0:00:00,2,42200226,3,Final,20230511/DENPHX,1610612756,1610612743,2022,4,,ESPN,Q4       - ESPN,1
2023-05-10 0:00:00,1,42200205,3,Final,20230510/MIANYK,1610612752,1610612748,2022,4,,TNT,Q4       - TNT,1
2023-05-10 0:00:00,2,42200235,3,Final,20230510/LALGSW,1610612744,1610612747,2022,4,,TNT,Q4       - TNT,1
2023-05-09 0:00:00,1,42200215,3,Final,20230509/PHIBOS,1610612738,1610612755,2022,4,,TNT,Q4       - TNT,1
2023-05-09 0:00:00,2,42200225,3,Final,20230509/PHXDEN,1610612743,1610612756,2022,4,,TNT,Q4       - TNT,1
2023-05-08 0:00:00,2,42200234,3,Final,20230508/GSWLAL,1610612747,1610612744,2022,4,,TNT,Q4       - TNT,1
2023-05-08 0:00:00,1,42200204,3,Final,20230508/NYKMIA,1610612748,1610612752,2022,4,,TNT,Q4       - TNT,1
2023-05-07 0:00:00,1,42200214,3,Final,20230507/BOSPHI,1610612755,1610612738,2022,5,,ESPN,Q5       - ESPN,1
2023-05-07 0:00:00,2,42200224,3,Final,20230507/DENPHX,1610612756,1610612743,2022,4,,TNT,Q4       - TNT,1
2023-05-06 0:00:00,2,42200233,3,Final,20230506/GSWLAL,1610612747,1610612744,2022,4,,ABC,Q4       - ABC,1
2023-05-06 0:00:00,1,42200203,3,Final,20230506/NYKMIA,1610612748,1610612752,2022,4,,ABC,Q4       - ABC,1
2023-05-05 0:00:00,2,42200223,3,Final,20230505/DENPHX,1610612756,1610612743,2022,4,,ESPN,Q4       - ESPN,1
2023-05-05 0:00:00,1,42200213,3,Final,20230505/BOSPHI,1610612755,1610612738,2022,4,,ESPN,Q4       - ESPN,1
2023-05-04 0:00:00,1,42200232,3,Final,20230504/LALGSW,1610612744,1610612747,2022,4,,ESPN,Q4       - ESPN,1
2023-05-03 0:00:00,1,42200212,3,Final,20230503/PHIBOS,1610612738,1610612755,2022,4,,TNT,Q4       - TNT,1
2023-05-02 0:00:00,2,42200231,3,Final,20230502/LALGSW,1610612744,1610612747,2022,4,,TNT,Q4       - TNT,1
2023-05-02 0:00:00,1,42200202,3,Final,20230502/MIANYK,1610612752,1610612748,2022,4,,TNT,Q4       - TNT,1
2023-05-01 0:00:00,2,42200222,3,Final,20230501/PHXDEN,1610612743,1610612756,2022,4,,TNT,Q4       - TNT,1
2023-04-30 0:00:00,3,42200201,3,Final,20230430/MIANYK,1610612752,1610612748,2022,4,,ABC,Q4       - ABC,1
2023-04-30 0:00:00,4,42200167,3,Final,20230430/GSWSAC,1610612758,1610612744,2022,4,,ABC,Q4       - ABC,1
2023-04-29 0:00:00,5,42200221,3,Final,20230429/PHXDEN,1610612743,1610612756,2022,4,,TNT,Q4       - TNT,1
2023-04-28 0:00:00,3,42200166,3,Final,20230428/SACGSW,1610612744,1610612758,2022,4,,ESPN,Q4       - ESPN,1
2023-04-28 0:00:00,4,42200156,3,Final,20230428/MEMLAL,1610612747,1610612763,2022,4,,ESPN,Q4       - ESPN,1
2023-04-27 0:00:00,4,42200116,3,Final,20230427/BOSATL,1610612737,1610612738,2022,4,,TNT,Q4       - TNT,1
2023-04-26 0:00:00,4,42200165,3,Final,20230426/GSWSAC,1610612758,1610612744,2022,4,,TNT,Q4       - TNT,1
2023-04-26 0:00:00,3,42200105,3,Final,20230426/MIAMIL,1610612749,1610612748,2022,5,,NBA TV,Q5       - NBA TV,1
2023-04-26 0:00:00,2,42200155,3,Final,20230426/LALMEM,1610612763,1610612747,2022,4,,TNT,Q4       - TNT,1
2023-04-26 0:00:00,1,42200135,3,Final,20230426/NYKCLE,1610612739,1610612752,2022,4,,NBA TV,Q4       - NBA TV,1
2023-04-25 0:00:00,2,42200145,3,Final,20230425/MINDEN,1610612743,1610612750,2022,4,,NBA TV,Q4       - NBA TV,1
2023-04-25 0:00:00,3,42200175,3,Final,20230425/LACPHX,1610612756,1610612746,2022,4,,TNT,Q4       - TNT,1
2023-04-25 0:00:00,1,42200115,3,Final,20230425/ATLBOS,1610612738,1610612737,2022,4,,TNT,Q4       - TNT,1
2023-04-24 0:00:00,2,42200104,3,Final,20230424/MILMIA,1610612748,1610612749,2022,4,,TNT,Q4       - TNT,1
2023-04-24 0:00:00,3,42200154,3,Final,20230424/MEMLAL,1610612747,1610612763,2022,5,,TNT,Q5       - TNT,1
2023-04-23 0:00:00,1,42200134,3,Final,20230423/CLENYK,1610612752,1610612739,2022,4,,ABC,Q4       - ABC,1
2023-04-23 0:00:00,3,42200114,3,Final,20230423/BOSATL,1610612737,1610612738,2022,4,,TNT,Q4       - TNT,1
2023-04-23 0:00:00,4,42200144,3,Final,20230423/DENMIN,1610612750,1610612743,2022,5,,TNT,Q5       - TNT,1
2023-04-23 0:00:00,2,42200164,3,Final,20230423/SACGSW,1610612744,1610612758,2022,4,,ABC,Q4       - ABC,1
2023-04-22 0:00:00,2,42200174,3,Final,20230422/PHXLAC,1610612746,1610612756,2022,4,,TNT,Q4       - TNT,1
2023-04-22 0:00:00,4,42200153,3,Final,20230422/MEMLAL,1610612747,1610612763,2022,4,,ESPN,Q4       - ESPN,1
2023-04-22 0:00:00,3,42200103,3,Final,20230422/MILMIA,1610612748,1610612749,2022,4,,ESPN,Q4       - ESPN,1
2023-04-22 0:00:00,1,42200124,3,Final,20230422/PHIBKN,1610612751,1610612755,2022,4,,TNT,Q4       - TNT,1
2023-04-21 0:00:00,1,42200113,3,Final,20230421/BOSATL,1610612737,1610612738,2022,4,,ESPN,Q4       - ESPN,1
2023-04-21 0:00:00,3,42200143,3,Final,20230421/DENMIN,1610612750,1610612743,2022,4,,ESPN,Q4       - ESPN,1
2023-04-21 0:00:00,2,42200133,3,Final,20230421/CLENYK,1610612752,1610612739,2022,4,,ABC,Q4       - ABC,1
2023-04-20 0:00:00,1,42200123,3,Final,20230420/PHIBKN,1610612751,1610612755,2022,4,,TNT,Q4       - TNT,1
2023-04-20 0:00:00,3,42200173,3,Final,20230420/PHXLAC,1610612746,1610612756,2022,4,,NBA TV,Q4       - NBA TV,1
2023-04-19 0:00:00,3,42200142,3,Final,20230419/MINDEN,1610612743,1610612750,2022,4,,TNT,Q4       - TNT,1
2023-04-19 0:00:00,2,42200102,3,Final,20230419/MIAMIL,1610612749,1610612748,2022,4,,NBA TV,Q4       - NBA TV,1
2023-04-19 0:00:00,1,42200152,3,Final,20230419/LALMEM,1610612763,1610612747,2022,4,,TNT,Q4       - TNT,1
2023-04-18 0:00:00,2,42200132,3,Final,20230418/NYKCLE,1610612739,1610612752,2022,4,,TNT,Q4       - TNT,1
2023-04-18 0:00:00,1,42200112,3,Final,20230418/ATLBOS,1610612738,1610612737,2022,4,,NBA TV,Q4       - NBA TV,1
2023-04-18 0:00:00,3,42200172,3,Final,20230418/LACPHX,1610612756,1610612746,2022,4,,TNT,Q4       - TNT,1
2023-04-17 0:00:00,2,42200162,3,Final,20230417/GSWSAC,1610612758,1610612744,2022,4,,TNT,Q4       - TNT,1
2023-04-17 0:00:00,1,42200122,3,Final,20230417/BKNPHI,1610612755,1610612751,2022,4,,TNT,Q4       - TNT,1
2023-04-16 0:00:00,2,42200101,3,Final,20230416/MIAMIL,1610612749,1610612748,2022,4,,TNT,Q4       - TNT,1
2023-04-16 0:00:00,3,42200171,3,Final,20230416/LACPHX,1610612756,1610612746,2022,4,,TNT,Q4       - TNT,1
2023-04-16 0:00:00,1,42200151,3,Final,20230416/LALMEM,1610612763,1610612747,2022,4,,ABC,Q4       - ABC,1
2023-04-16 0:00:00,4,42200141,3,Final,20230416/MINDEN,1610612743,1610612750,2022,4,,TNT,Q4       - TNT,1
2023-04-15 0:00:00,4,42200161,3,Final,20230415/GSWSAC,1610612758,1610612744,2022,4,,ABC,Q4       - ABC,1
2023-04-15 0:00:00,3,42200131,3,Final,20230415/NYKCLE,1610612739,1610612752,2022,4,,ESPN,Q4       - ESPN,1
2023-04-15 0:00:00,1,42200121,3,Final,20230415/BKNPHI,1610612755,1610612751,2022,4,,ESPN,Q4       - ESPN,1
2023-04-09 0:00:00,10,22201225,3,Final,20230409/NOPMIN,1610612750,1610612740,2022,4,,,Q4       -,1
2023-04-09 0:00:00,14,22201229,3,Final,20230409/LACPHX,1610612756,1610612746,2022,4,,,Q4       -,1
2023-04-09 0:00:00,4,22201219,3,Final,20230409/ORLMIA,1610612748,1610612753,2022,4,,,Q4       -,1
2023-04-09 0:00:00,12,22201227,3,Final,20230409/SACDEN,1610612743,1610612758,2022,4,,,Q4       -,1
2023-04-09 0:00:00,1,22201216,3,Final,20230409/ATLBOS,1610612738,1610612737,2022,4,,ESPN,Q4       - ESPN,1
2023-04-09 0:00:00,13,22201228,3,Final,20230409/UTALAL,1610612747,1610612762,2022,4,,ESPN,Q4       - ESPN,1
2023-04-09 0:00:00,7,22201222,3,Final,20230409/HOUWAS,1610612764,1610612745,2022,4,,,Q4       -,1
2023-04-09 0:00:00,15,22201230,3,Final,20230409/GSWPOR,1610612757,1610612744,2022,4,,,Q4       -,1
2023-04-09 0:00:00,11,22201226,3,Final,20230409/MEMOKC,1610612760,1610612763,2022,4,,,Q4       -,1
2023-04-09 0:00:00,9,22201224,3,Final,20230409/SASDAL,1610612742,1610612759,2022,4,,,Q4       -,1
2023-04-09 0:00:00,5,22201220,3,Final,20230409/INDNYK,1610612752,1610612754,2022,4,,,Q4       -,1
2023-04-09 0:00:00,2,22201217,3,Final,20230409/PHIBKN,1610612751,1610612755,2022,4,,,Q4       -,1
2023-04-09 0:00:00,8,22201223,3,Final,20230409/DETCHI,1610612741,1610612765,2022,4,,,Q4       -,1
2023-04-09 0:00:00,6,22201221,3,Final,20230409/MILTOR,1610612761,1610612749,2022,4,,,Q4       -,1
2023-04-09 0:00:00,3,22201218,3,Final,20230409/CHACLE,1610612739,1610612766,2022,4,,,Q4       -,1
2023-04-08 0:00:00,2,22201214,3,Final,20230408/MINSAS,1610612759,1610612750,2022,4,,,Q4       -,1
2023-04-08 0:00:00,3,22201215,3,Final,20230408/PORLAC,1610612746,1610612757,2022,4,,,Q4       -,1
2023-04-08 0:00:00,1,22201213,3,Final,20230408/DENUTA,1610612762,1610612743,2022,4,,,Q4       -,1
2023-04-07 0:00:00,5,22201206,3,Final,20230407/TORBOS,1610612738,1610612761,2022,4,,,Q4       -,1
2023-04-07 0:00:00,11,22201212,3,Final,20230407/PHXLAL,1610612747,1610612756,2022,4,,NBA TV,Q4       - NBA TV,1
2023-04-07 0:00:00,10,22201211,3,Final,20230407/GSWSAC,1610612758,1610612744,2022,4,,,Q4       -,1
2023-04-07 0:00:00,9,22201210,3,Final,20230407/CHIDAL,1610612742,1610612741,2022,4,,,Q4       -,1
2023-04-07 0:00:00,8,22201209,3,Final,20230407/NYKNOP,1610612740,1610612752,2022,4,,,Q4       -,1
2023-04-07 0:00:00,7,22201208,3,Final,20230407/MEMMIL,1610612749,1610612763,2022,4,,NBA TV,Q4       - NBA TV,1
2023-04-07 0:00:00,4,22201205,3,Final,20230407/PHIATL,1610612737,1610612755,2022,5,,,Q5       -,1
2023-04-07 0:00:00,6,22201207,3,Final,20230407/ORLBKN,1610612751,1610612753,2022,4,,,Q4       -,1
2023-04-07 0:00:00,2,22201203,3,Final,20230407/DETIND,1610612754,1610612765,2022,4,,,Q4       -,1
2023-04-07 0:00:00,1,22201202,3,Final,20230407/HOUCHA,1610612766,1610612745,2022,4,,,Q4       -,1
2023-04-06 0:00:00,5,22201201,3,Final,20230406/DENPHX,1610612756,1610612743,2022,4,,TNT,Q4       - TNT,1
2023-04-06 0:00:00,4,22201200,3,Final,20230406/OKCUTA,1610612762,1610612760,2022,4,,,Q4       -,1
2023-04-06 0:00:00,3,22201199,3,Final,20230406/PORSAS,1610612759,1610612757,2022,4,,,Q4       -,1
2023-04-06 0:00:00,2,22201198,3,Final,20230406/MIAPHI,1610612755,1610612748,2022,4,,TNT,Q4       - TNT,1
2023-04-05 0:00:00,8,22201196,3,Final,20230405/LALLAC,1610612746,1610612747,2022,4,,ESPN,Q4       - ESPN,1
2023-04-05 0:00:00,7,22201195,3,Final,20230405/SACDAL,1610612742,1610612758,2022,4,,,Q4       -,1
2023-04-05 0:00:00,3,22201191,3,Final,20230405/WASATL,1610612737,1610612764,2022,4,,,Q4       -,1
2023-04-05 0:00:00,5,22201193,3,Final,20230405/CHIMIL,1610612749,1610612741,2022,4,,ESPN,Q4       - ESPN,1
2023-04-05 0:00:00,2,22201190,3,Final,20230405/NYKIND,1610612754,1610612752,2022,4,,,Q4       -,1
2023-04-05 0:00:00,1,22201189,3,Final,20230405/BKNDET,1610612765,1610612751,2022,4,,,Q4       -,1
2023-04-05 0:00:00,6,22201194,3,Final,20230405/MEMNOP,1610612740,1610612763,2022,5,,,Q5       -,1
2023-04-04 0:00:00,13,22201188,3,Final,20230404/SASPHX,1610612756,1610612759,2022,4,,,Q4       -,1
2023-04-04 0:00:00,4,22201179,3,Final,20230404/MILWAS,1610612764,1610612749,2022,4,,,Q4       -,1
2023-04-04 0:00:00,9,22201184,3,Final,20230404/PORMEM,1610612763,1610612757,2022,4,,,Q4       -,1
2023-04-04 0:00:00,10,22201185,3,Final,20230404/SACNOP,1610612740,1610612758,2022,4,,,Q4       -,1
2023-04-04 0:00:00,6,22201181,3,Final,20230404/BOSPHI,1610612755,1610612738,2022,4,,TNT,Q4       - TNT,1
2023-04-04 0:00:00,8,22201183,3,Final,20230404/DENHOU,1610612745,1610612743,2022,4,,,Q4       -,1
2023-04-04 0:00:00,1,22201176,3,Final,20230404/TORCHA,1610612766,1610612761,2022,4,,,Q4       -,1
2023-04-04 0:00:00,2,22201177,3,Final,20230404/MIADET,1610612765,1610612748,2022,4,,,Q4       -,1
2023-04-04 0:00:00,3,22201178,3,Final,20230404/CLEORL,1610612753,1610612739,2022,4,,,Q4       -,1
2023-04-04 0:00:00,12,22201187,3,Final,20230404/OKCGSW,1610612744,1610612760,2022,4,,,Q4       -,1
2023-04-02 0:00:00,6,22201168,3,Final,20230402/WASNYK,1610612752,1610612764,2022,4,,,Q4       -,1
2023-04-02 0:00:00,8,22201170,3,Final,20230402/SASSAC,1610612758,1610612759,2022,5,,,Q5       -,1
2023-04-02 0:00:00,12,22201174,3,Final,20230402/PHIMIL,1610612749,1610612755,2022,4,,,Q4       -,1
2023-04-02 0:00:00,2,22201164,3,Final,20230402/UTABKN,1610612751,1610612762,2022,4,,,Q4       -,1
2023-04-02 0:00:00,11,22201173,3,Final,20230402/INDCLE,1610612739,1610612754,2022,4,,,Q4       -,1
2023-04-02 0:00:00,3,22201165,3,Final,20230402/MEMCHI,1610612741,1610612763,2022,4,,,Q4       -,1
2023-04-02 0:00:00,7,22201169,3,Final,20230402/DETORL,1610612753,1610612765,2022,4,,,Q4       -,1
2023-04-02 0:00:00,10,22201172,3,Final,20230402/PHXOKC,1610612760,1610612756,2022,4,,,Q4       -,1
2023-04-02 0:00:00,4,22201166,3,Final,20230402/PORMIN,1610612750,1610612757,2022,4,,,Q4       -,1
2023-04-02 0:00:00,1,22201163,3,Final,20230402/TORCHA,1610612766,1610612761,2022,4,,,Q4       -,1
2023-04-02 0:00:00,13,22201175,3,Final,20230402/GSWDEN,1610612743,1610612744,2022,4,,NBA TV,Q4       - NBA TV,1
2023-04-01 0:00:00,2,22201162,3,Final,20230401/LACNOP,1610612740,1610612746,2022,4,,,Q4       -,1
2023-04-01 0:00:00,1,22201161,3,Final,20230401/DALMIA,1610612748,1610612742,2022,4,,NBA TV,Q4       - NBA TV,1
2023-03-31 0:00:00,13,22201160,3,Final,20230331/DENPHX,1610612756,1610612743,2022,4,,NBA TV,Q4       - NBA TV,1
2023-03-31 0:00:00,11,22201158,3,Final,20230331/SASGSW,1610612744,1610612759,2022,4,,,Q4       -,1
2023-03-31 0:00:00,12,22201159,3,Final,20230331/SACPOR,1610612757,1610612758,2022,4,,,Q4       -,1
2023-03-31 0:00:00,8,22201155,3,Final,20230331/DETHOU,1610612745,1610612765,2022,4,,,Q4       -,1
2023-03-31 0:00:00,10,22201157,3,Final,20230331/LALMIN,1610612750,1610612747,2022,4,,NBA TV,Q4       - NBA TV,1
2023-03-31 0:00:00,9,22201156,3,Final,20230331/LACMEM,1610612763,1610612746,2022,4,,,Q4       -,1
2023-03-31 0:00:00,4,22201151,3,Final,20230331/ORLWAS,1610612764,1610612753,2022,4,,,Q4       -,1
2023-03-31 0:00:00,6,22201153,3,Final,20230331/ATLBKN,1610612751,1610612737,2022,4,,,Q4       -,1
2023-03-31 0:00:00,7,22201154,3,Final,20230331/NYKCLE,1610612739,1610612752,2022,4,,,Q4       -,1
2023-03-31 0:00:00,5,22201152,3,Final,20230331/UTABOS,1610612738,1610612762,2022,4,,,Q4       -,1
2023-03-31 0:00:00,2,22201149,3,Final,20230331/OKCIND,1610612754,1610612760,2022,4,,,Q4       -,1
2023-03-31 0:00:00,3,22201150,3,Final,20230331/TORPHI,1610612755,1610612761,2022,4,,,Q4       -,1
2023-03-31 0:00:00,1,22201148,3,Final,20230331/CHICHA,1610612766,1610612741,2022,4,,,Q4       -,1
2023-03-30 0:00:00,1,22201146,3,Final,20230330/BOSMIL,1610612749,1610612738,2022,4,,TNT,Q4       - TNT,1
2023-03-30 0:00:00,2,22201147,3,Final,20230330/NOPDEN,1610612743,1610612740,2022,4,,TNT,Q4       - TNT,1
2023-03-29 0:00:00,8,22201143,3,Final,20230329/UTASAS,1610612759,1610612762,2022,4,,,Q4       -,1
2023-03-29 0:00:00,4,22201139,3,Final,20230329/DALPHI,1610612755,1610612742,2022,4,,ESPN,Q4       - ESPN,1
2023-03-29 0:00:00,2,22201137,3,Final,20230329/HOUBKN,1610612751,1610612745,2022,4,,,Q4       -,1
2023-03-29 0:00:00,3,22201138,3,Final,20230329/MIANYK,1610612752,1610612748,2022,4,,,Q4       -,1
2023-03-29 0:00:00,1,22201136,3,Final,20230329/MILIND,1610612754,1610612749,2022,4,,,Q4       -,1
2023-03-29 0:00:00,5,22201140,3,Final,20230329/LALCHI,1610612741,1610612747,2022,4,,,Q4       -,1
2023-03-29 0:00:00,10,22201145,3,Final,20230329/SACPOR,1610612757,1610612758,2022,4,,,Q4       -,1
2023-03-29 0:00:00,6,22201141,3,Final,20230329/LACMEM,1610612763,1610612746,2022,4,,,Q4       -,1
2023-03-29 0:00:00,7,22201142,3,Final,20230329/DETOKC,1610612760,1610612765,2022,4,,,Q4       -,1
2023-03-29 0:00:00,9,22201144,3,Final,20230329/MINPHX,1610612756,1610612750,2022,4,,ESPN,Q4       - ESPN,1
2023-03-28 0:00:00,5,22201134,3,Final,20230328/CHAOKC,1610612760,1610612766,2022,4,,,Q4       -,1
2023-03-28 0:00:00,1,22201130,3,Final,20230328/BOSWAS,1610612764,1610612738,2022,4,,,Q4       -,1
2023-03-28 0:00:00,3,22201132,3,Final,20230328/MIATOR,1610612761,1610612748,2022,4,,TNT,Q4       - TNT,1
2023-03-28 0:00:00,2,22201131,3,Final,20230328/CLEATL,1610612737,1610612739,2022,4,,,Q4       -,1
2023-03-28 0:00:00,6,22201135,3,Final,20230328/NOPGSW,1610612744,1610612740,2022,4,,TNT,Q4       - TNT,1
2023-03-28 0:00:00,4,22201133,3,Final,20230328/ORLMEM,1610612763,1610612753,2022,4,,,Q4       -,1
2023-03-27 0:00:00,2,22201123,3,Final,20230327/DALIND,1610612754,1610612742,2022,4,,NBA TV,Q4       - NBA TV,1
2023-03-27 0:00:00,7,22201128,3,Final,20230327/MINSAC,1610612758,1610612750,2022,4,,,Q4       -,1
2023-03-27 0:00:00,1,22201122,3,Final,20230327/MILDET,1610612765,1610612749,2022,4,,,Q4       -,1
2023-03-27 0:00:00,8,22201129,3,Final,20230327/CHILAC,1610612746,1610612741,2022,4,,,Q4       -,1
2023-03-27 0:00:00,3,22201124,3,Final,20230327/HOUNYK,1610612752,1610612745,2022,4,,,Q4       -,1
2023-03-27 0:00:00,6,22201127,3,Final,20230327/NOPPOR,1610612757,1610612740,2022,4,,,Q4       -,1
2023-03-27 0:00:00,5,22201126,3,Final,20230327/PHIDEN,1610612743,1610612755,2022,4,,NBA TV,Q4       - NBA TV,1
2023-03-26 0:00:00,3,22201115,3,Final,20230326/MEMATL,1610612737,1610612763,2022,4,,NBA TV,Q4       - NBA TV,1
2023-03-26 0:00:00,6,22201118,3,Final,20230326/BKNORL,1610612753,1610612751,2022,4,,,Q4       -,1
2023-03-26 0:00:00,5,22201117,3,Final,20230326/HOUCLE,1610612739,1610612745,2022,4,,,Q4       -,1
2023-03-26 0:00:00,7,22201119,3,Final,20230326/WASTOR,1610612761,1610612764,2022,4,,,Q4       -,1
2023-03-26 0:00:00,2,22201114,3,Final,20230326/CHILAL,1610612747,1610612741,2022,4,,,Q4       -,1
2023-03-26 0:00:00,1,22201113,3,Final,20230326/DALCHA,1610612766,1610612742,2022,4,,,Q4       -,1
2023-03-26 0:00:00,8,22201120,3,Final,20230326/OKCPOR,1610612757,1610612760,2022,4,,,Q4       -,1
2023-03-26 0:00:00,9,22201121,3,Final,20230326/MINGSW,1610612744,1610612750,2022,4,,NBA TV,Q4       - NBA TV,1
2023-03-26 0:00:00,4,22201116,3,Final,20230326/SASBOS,1610612738,1610612759,2022,4,,,Q4       -,1
2023-03-25 0:00:00,1,22201107,3,Final,20230325/INDATL,1610612737,1610612754,2022,4,,,Q4       -,1
2023-03-25 0:00:00,5,22201111,3,Final,20230325/UTASAC,1610612758,1610612762,2022,4,,,Q4       -,1
2023-03-25 0:00:00,4,22201110,3,Final,20230325/PHIPHX,1610612756,1610612755,2022,4,,,Q4       -,1
2023-03-25 0:00:00,6,22201112,3,Final,20230325/NOPLAC,1610612746,1610612740,2022,4,,,Q4       -,1
2023-03-24 0:00:00,7,22201103,3,Final,20230324/PHIGSW,1610612744,1610612755,2022,4,,NBA TV,Q4       - NBA TV,1
2023-03-24 0:00:00,10,22201106,3,Final,20230324/OKCLAL,1610612747,1610612760,2022,4,,,Q4       -,1
2023-03-24 0:00:00,9,22201105,3,Final,20230324/PHXSAC,1610612758,1610612756,2022,4,,,Q4       -,1
2023-03-24 0:00:00,8,22201104,3,Final,20230324/CHIPOR,1610612757,1610612741,2022,4,,,Q4       -,1
2023-03-24 0:00:00,2,22201098,3,Final,20230324/SASWAS,1610612764,1610612759,2022,4,,,Q4       -,1
2023-03-24 0:00:00,6,22201102,3,Final,20230324/MILUTA,1610612762,1610612749,2022,4,,,Q4       -,1
2023-03-24 0:00:00,5,22201101,3,Final,20230324/CHADAL,1610612742,1610612766,2022,4,,,Q4       -,1
2023-03-24 0:00:00,4,22201100,3,Final,20230324/HOUMEM,1610612763,1610612745,2022,4,,,Q4       -,1
2023-03-24 0:00:00,3,22201099,3,Final,20230324/DETTOR,1610612761,1610612765,2022,4,,,Q4       -,1
2023-03-24 0:00:00,1,22201097,3,Final,20230324/INDBOS,1610612738,1610612754,2022,4,,NBA TV,Q4       - NBA TV,1
2023-03-23 0:00:00,2,22201094,3,Final,20230323/CLEBKN,1610612751,1610612739,2022,4,,,Q4       -,1
2023-03-23 0:00:00,4,22201096,3,Final,20230323/OKCLAC,1610612746,1610612760,2022,4,,NBA TV,Q4       - NBA TV,1
2023-03-23 0:00:00,3,22201095,3,Final,20230323/CHANOP,1610612740,1610612766,2022,4,,,Q4       -,1
2023-03-23 0:00:00,1,22201093,3,Final,20230323/NYKORL,1610612753,1610612752,2022,4,,NBA TV,Q4       - NBA TV,1
2023-03-22 0:00:00,3,22201085,3,Final,20230322/INDTOR,1610612761,1610612754,2022,4,,,Q4       -,1
2023-03-22 0:00:00,4,22201086,3,Final,20230322/GSWDAL,1610612742,1610612744,2022,4,,ESPN,Q4       - ESPN,1
2023-03-22 0:00:00,8,22201090,3,Final,20230322/ATLMIN,1610612750,1610612737,2022,4,,,Q4       -,1
2023-03-22 0:00:00,7,22201089,3,Final,20230322/SASMIL,1610612749,1610612759,2022,4,,,Q4       -,1
2023-03-22 0:00:00,9,22201091,3,Final,20230322/PORUTA,1610612762,1610612757,2022,4,,,Q4       -,1
2023-03-22 0:00:00,10,22201092,3,Final,20230322/PHXLAL,1610612747,1610612756,2022,4,,ESPN,Q4       - ESPN,1
2023-03-22 0:00:00,1,22201083,3,Final,20230322/DENWAS,1610612764,1610612743,2022,4,,,Q4       -,1
2023-03-21 0:00:00,1,22201077,3,Final,20230321/WASORL,1610612753,1610612764,2022,4,,,Q4       -,1
2023-03-21 0:00:00,2,22201078,3,Final,20230321/DETATL,1610612737,1610612765,2022,4,,,Q4       -,1
2023-03-21 0:00:00,5,22201081,3,Final,20230321/BOSSAC,1610612758,1610612738,2022,4,,NBA TV,Q4       - NBA TV,1
2023-03-21 0:00:00,6,22201082,3,Final,20230321/OKCLAC,1610612746,1610612760,2022,4,,,Q4       -,1
2023-03-20 0:00:00,4,22201074,3,Final,20230320/GSWHOU,1610612745,1610612744,2022,4,,,Q4       -,1
2023-03-20 0:00:00,1,22201071,3,Final,20230320/INDCHA,1610612766,1610612754,2022,4,,,Q4       -,1
2023-03-20 0:00:00,2,22201072,3,Final,20230320/CHIPHI,1610612755,1610612741,2022,6,,,Q6       -,1
2023-03-20 0:00:00,6,22201076,3,Final,20230320/SACUTA,1610612762,1610612758,2022,4,,,Q4       -,1
2023-03-20 0:00:00,3,22201073,3,Final,20230320/MINNYK,1610612752,1610612750,2022,4,,,Q4       -,1
2023-03-20 0:00:00,5,22201075,3,Final,20230320/DALMEM,1610612763,1610612742,2022,4,,NBA TV,Q4       - NBA TV,1
2023-03-19 0:00:00,1,22201063,3,Final,20230319/DENBKN,1610612751,1610612743,2022,4,,,Q4       -,1
2023-03-19 0:00:00,2,22201064,3,Final,20230319/PHXOKC,1610612760,1610612756,2022,4,,,Q4       -,1
2023-03-19 0:00:00,6,22201068,3,Final,20230319/TORMIL,1610612749,1610612761,2022,4,,NBA TV,Q4       - NBA TV,1
2023-03-19 0:00:00,7,22201069,3,Final,20230319/LACPOR,1610612757,1610612746,2022,4,,,Q4       -,1
2023-03-19 0:00:00,4,22201066,3,Final,20230319/MIADET,1610612765,1610612748,2022,4,,,Q4       -,1
2023-03-19 0:00:00,5,22201067,3,Final,20230319/NOPHOU,1610612745,1610612740,2022,4,,,Q4       -,1
2023-03-19 0:00:00,8,22201070,3,Final,20230319/ORLLAL,1610612747,1610612753,2022,4,,,Q4       -,1
2023-03-18 0:00:00,1,22201055,3,Final,20230318/DENNYK,1610612752,1610612743,2022,4,,,Q4       -,1
2023-03-18 0:00:00,2,22201056,3,Final,20230318/ORLLAC,1610612746,1610612753,2022,4,,,Q4       -,1
2023-03-18 0:00:00,6,22201060,3,Final,20230318/MIACHI,1610612741,1610612748,2022,4,,,Q4       -,1
2023-03-18 0:00:00,3,22201057,3,Final,20230318/PHIIND,1610612754,1610612755,2022,4,,,Q4       -,1
2023-03-18 0:00:00,4,22201058,3,Final,20230318/MINTOR,1610612761,1610612750,2022,4,,,Q4       -,1
2023-03-18 0:00:00,5,22201059,3,Final,20230318/SACWAS,1610612764,1610612758,2022,4,,,Q4       -,1
2023-03-18 0:00:00,7,22201061,3,Final,20230318/GSWMEM,1610612763,1610612744,2022,4,,NBA TV,Q4       - NBA TV,1
2023-03-18 0:00:00,8,22201062,3,Final,20230318/BOSUTA,1610612762,1610612738,2022,4,,,Q4       -,1
2023-03-17 0:00:00,8,22201054,3,Final,20230317/DALLAL,1610612747,1610612742,2022,4,,NBA TV,Q4       - NBA TV,1
2023-03-17 0:00:00,7,22201053,3,Final,20230317/BOSPOR,1610612757,1610612738,2022,4,,,Q4       -,1
2023-03-17 0:00:00,4,22201050,3,Final,20230317/MINCHI,1610612741,1610612750,2022,6,,,Q6       -,1
2023-03-17 0:00:00,6,22201052,3,Final,20230317/MEMSAS,1610612759,1610612763,2022,5,,,Q5       -,1
2023-03-17 0:00:00,5,22201051,3,Final,20230317/NOPHOU,1610612745,1610612740,2022,4,,,Q4       -,1
2023-03-17 0:00:00,1,22201047,3,Final,20230317/PHICHA,1610612766,1610612755,2022,4,,,Q4       -,1
2023-03-17 0:00:00,3,22201049,3,Final,20230317/WASCLE,1610612739,1610612764,2022,4,,,Q4       -,1
2023-03-16 0:00:00,4,22201045,3,Final,20230316/INDMIL,1610612749,1610612754,2022,4,,,Q4       -,1
2023-03-16 0:00:00,1,22201042,3,Final,20230316/DENDET,1610612765,1610612743,2022,4,,,Q4       -,1
2023-03-16 0:00:00,2,22201043,3,Final,20230316/SACBKN,1610612751,1610612758,2022,4,,,Q4       -,1
2023-03-16 0:00:00,3,22201044,3,Final,20230316/OKCTOR,1610612761,1610612760,2022,4,,,Q4       -,1
2023-03-15 0:00:00,2,22201036,3,Final,20230315/MEMMIA,1610612748,1610612763,2022,4,,,Q4       -,1
2023-03-15 0:00:00,7,22201041,3,Final,20230315/GSWLAC,1610612746,1610612744,2022,4,,ESPN,Q4       - ESPN,1
2023-03-15 0:00:00,3,22201037,3,Final,20230315/SACCHI,1610612741,1610612758,2022,4,,,Q4       -,1
2023-03-15 0:00:00,1,22201035,3,Final,20230315/PHICLE,1610612739,1610612755,2022,4,,ESPN,Q4       - ESPN,1
2023-03-15 0:00:00,5,22201039,3,Final,20230315/BOSMIN,1610612750,1610612738,2022,4,,,Q4       -,1
2023-03-15 0:00:00,4,22201038,3,Final,20230315/LALHOU,1610612745,1610612747,2022,4,,,Q4       -,1
2023-03-15 0:00:00,6,22201040,3,Final,20230315/DALSAS,1610612759,1610612742,2022,5,,,Q5       -,1
2023-03-14 0:00:00,2,22201028,3,Final,20230314/DETWAS,1610612764,1610612765,2022,4,,,Q4       -,1
2023-03-14 0:00:00,7,22201033,3,Final,20230314/MILPHX,1610612756,1610612749,2022,4,,NBA TV,Q4       - NBA TV,1
2023-03-14 0:00:00,4,22201030,3,Final,20230314/LALNOP,1610612740,1610612747,2022,4,,,Q4       -,1
2023-03-14 0:00:00,1,22201027,3,Final,20230314/CLECHA,1610612766,1610612739,2022,4,,,Q4       -,1
2023-03-14 0:00:00,3,22201029,3,Final,20230314/DENTOR,1610612761,1610612743,2022,4,,NBA TV,Q4       - NBA TV,1
2023-03-14 0:00:00,6,22201032,3,Final,20230314/ORLSAS,1610612759,1610612753,2022,4,,,Q4       -,1
2023-03-13 0:00:00,1,22201020,3,Final,20230313/INDDET,1610612765,1610612754,2022,4,,,Q4       -,1
2023-03-13 0:00:00,7,22201026,3,Final,20230313/MILSAC,1610612758,1610612749,2022,4,,,Q4       -,1
2023-03-13 0:00:00,6,22201025,3,Final,20230313/PHXGSW,1610612744,1610612756,2022,4,,ESPN,Q4       - ESPN,1
2023-03-13 0:00:00,4,22201023,3,Final,20230313/MEMDAL,1610612742,1610612763,2022,4,,ESPN,Q4       - ESPN,1
2023-03-13 0:00:00,3,22201022,3,Final,20230313/UTAMIA,1610612748,1610612762,2022,4,,,Q4       -,1
2023-03-13 0:00:00,2,22201021,3,Final,20230313/MINATL,1610612737,1610612750,2022,4,,,Q4       -,1
2023-03-12 0:00:00,3,22201016,3,Final,20230312/WASPHI,1610612755,1610612764,2022,4,,,Q4       -,1
2023-03-12 0:00:00,1,22201014,3,Final,20230312/BKNDEN,1610612743,1610612751,2022,4,,,Q4       -,1
2023-03-12 0:00:00,5,22201018,3,Final,20230312/OKCSAS,1610612759,1610612760,2022,4,,,Q4       -,1
2023-03-12 0:00:00,6,22201019,3,Final,20230312/NYKLAL,1610612747,1610612752,2022,4,,ESPN,Q4       - ESPN,1
2023-03-11 0:00:00,8,22201011,3,Final,20230311/OKCNOP,1610612740,1610612760,2022,4,,,Q4       -,1
2023-03-11 0:00:00,1,22201004,3,Final,20230311/NYKLAC,1610612746,1610612752,2022,4,,,Q4       -,1
2023-03-11 0:00:00,3,22201006,3,Final,20230311/INDDET,1610612765,1610612754,2022,4,,,Q4       -,1
2023-03-11 0:00:00,2,22201005,3,Final,20230311/UTACHA,1610612766,1610612762,2022,4,,,Q4       -,1
2023-03-11 0:00:00,4,22201007,3,Final,20230311/MIAORL,1610612753,1610612748,2022,5,,,Q5       -,1
2023-03-11 0:00:00,5,22201008,3,Final,20230311/BOSATL,1610612737,1610612738,2022,4,,,Q4       -,1
2023-03-11 0:00:00,7,22201010,3,Final,20230311/DALMEM,1610612763,1610612742,2022,4,,,Q4       -,1
2023-03-11 0:00:00,6,22201009,3,Final,20230311/CHIHOU,1610612745,1610612741,2022,4,,,Q4       -,1
2023-03-11 0:00:00,10,22201013,3,Final,20230311/SACPHX,1610612756,1610612758,2022,4,,,Q4       -,1
2023-03-11 0:00:00,9,22201012,3,Final,20230311/MILGSW,1610612744,1610612749,2022,5,,ABC,Q5       - ABC,1
2023-03-10 0:00:00,4,22201001,3,Final,20230310/BKNMIN,1610612750,1610612751,2022,5,,,Q5       -,1
2023-03-10 0:00:00,1,22200998,3,Final,20230310/PORPHI,1610612755,1610612757,2022,4,,,Q4       -,1
2023-03-10 0:00:00,6,22201003,3,Final,20230310/TORLAL,1610612747,1610612761,2022,4,,NBA TV,Q4       - NBA TV,1
2023-03-10 0:00:00,3,22201000,3,Final,20230310/CLEMIA,1610612748,1610612739,2022,4,,NBA TV,Q4       - NBA TV,1
2023-03-09 0:00:00,3,22200994,3,Final,20230309/UTAORL,1610612753,1610612762,2022,4,,,Q4       -,1
2023-03-09 0:00:00,2,22200993,3,Final,20230309/HOUIND,1610612754,1610612745,2022,5,,,Q5       -,1
2023-03-09 0:00:00,4,22200996,3,Final,20230309/GSWMEM,1610612763,1610612744,2022,4,,TNT,Q4       - TNT,1
2023-03-09 0:00:00,5,22200995,3,Final,20230309/BKNMIL,1610612749,1610612751,2022,4,,,Q4       -,1
2023-03-09 0:00:00,6,22200997,3,Final,20230309/NYKSAC,1610612758,1610612752,2022,4,,TNT,Q4       - TNT,1
2023-03-08 0:00:00,5,22200989,3,Final,20230308/CHIDEN,1610612743,1610612741,2022,4,,,Q4       -,1
2023-03-08 0:00:00,3,22200987,3,Final,20230308/CLEMIA,1610612748,1610612739,2022,4,,,Q4       -,1
2023-03-08 0:00:00,4,22200988,3,Final,20230308/DALNOP,1610612740,1610612742,2022,4,,ESPN,Q4       - ESPN,1
2023-03-08 0:00:00,1,22200985,3,Final,20230308/ATLWAS,1610612764,1610612737,2022,4,,,Q4       -,1
2023-03-08 0:00:00,2,22200986,3,Final,20230308/PORBOS,1610612738,1610612757,2022,4,,,Q4       -,1
2023-03-08 0:00:00,7,22200991,3,Final,20230308/TORLAC,1610612746,1610612761,2022,4,,ESPN,Q4       - ESPN,1
2023-03-08 0:00:00,6,22200990,3,Final,20230308/OKCPHX,1610612756,1610612760,2022,4,,,Q4       -,1
2023-03-07 0:00:00,6,22200982,3,Final,20230307/GSWOKC,1610612760,1610612744,2022,4,,,Q4       -,1
2023-03-07 0:00:00,1,22200769,3,Final,20230307/WASDET,1610612765,1610612764,2022,4,,,Q4       -,1
2023-03-07 0:00:00,2,22200978,3,Final,20230307/MILORL,1610612753,1610612749,2022,4,,,Q4       -,1
2023-03-07 0:00:00,4,22200980,3,Final,20230307/PHIMIN,1610612750,1610612755,2022,4,,TNT,Q4       - TNT,1
2023-03-07 0:00:00,8,22200984,3,Final,20230307/MEMLAL,1610612747,1610612763,2022,4,,TNT,Q4       - TNT,1
2023-03-07 0:00:00,7,22200983,3,Final,20230307/UTADAL,1610612742,1610612762,2022,4,,,Q4       -,1
2023-03-06 0:00:00,1,22200971,3,Final,20230306/BOSCLE,1610612739,1610612738,2022,5,,,Q5       -,1
2023-03-06 0:00:00,6,22200976,3,Final,20230306/NOPSAC,1610612758,1610612740,2022,4,,NBA TV,Q4       - NBA TV,1
2023-03-06 0:00:00,5,22200975,3,Final,20230306/TORDEN,1610612743,1610612761,2022,4,,,Q4       -,1
2023-03-06 0:00:00,4,22200974,3,Final,20230306/ATLMIA,1610612748,1610612737,2022,4,,NBA TV,Q4       - NBA TV,1
2023-03-06 0:00:00,3,22200977,3,Final,20230306/PORDET,1610612765,1610612757,2022,4,,,Q4       -,1
2023-03-06 0:00:00,2,22200972,3,Final,20230306/PHIIND,1610612754,1610612755,2022,4,,,Q4       -,1
2023-03-05 0:00:00,8,22200969,3,Final,20230305/NYKBOS,1610612738,1610612752,2022,6,,ESPN,Q6       - ESPN,1
2023-03-05 0:00:00,9,22200973,3,Final,20230305/MILWAS,1610612764,1610612749,2022,4,,,Q4       -,1
2023-03-05 0:00:00,6,22200967,3,Final,20230305/SASHOU,1610612745,1610612759,2022,4,,,Q4       -,1
2023-03-05 0:00:00,7,22200968,3,Final,20230305/UTAOKC,1610612760,1610612762,2022,4,,,Q4       -,1
2023-03-05 0:00:00,5,22200966,3,Final,20230305/PORORL,1610612753,1610612757,2022,4,,,Q4       -,1
2023-03-05 0:00:00,4,22200965,3,Final,20230305/CHABKN,1610612751,1610612766,2022,4,,,Q4       -,1
2023-03-05 0:00:00,3,22200964,3,Final,20230305/GSWLAL,1610612747,1610612744,2022,4,,ABC,Q4       - ABC,1
2023-03-05 0:00:00,2,22200963,3,Final,20230305/INDCHI,1610612741,1610612754,2022,4,,,Q4       -,1
2023-03-05 0:00:00,10,22200970,3,Final,20230305/MEMLAC,1610612746,1610612763,2022,4,,ESPN,Q4       - ESPN,1
2023-03-05 0:00:00,1,22200962,3,Final,20230305/PHXDAL,1610612742,1610612756,2022,4,,ABC,Q4       - ABC,1
2023-03-04 0:00:00,1,22200956,3,Final,20230304/TORWAS,1610612764,1610612761,2022,5,,,Q5       -,1
2023-03-04 0:00:00,2,22200957,3,Final,20230304/DETCLE,1610612739,1610612765,2022,4,,,Q4       -,1
2023-03-04 0:00:00,3,22200958,3,Final,20230304/ATLMIA,1610612748,1610612737,2022,4,,,Q4       -,1
2023-03-04 0:00:00,5,22200960,3,Final,20230304/PHIMIL,1610612749,1610612755,2022,4,,ABC,Q4       - ABC,1
2023-03-04 0:00:00,6,22200961,3,Final,20230304/MINSAC,1610612758,1610612750,2022,4,,,Q4       -,1
2023-03-04 0:00:00,4,22200959,3,Final,20230304/HOUSAS,1610612759,1610612745,2022,4,,,Q4       -,1
2023-03-03 0:00:00,10,22200955,3,Final,20230303/MINLAL,1610612747,1610612750,2022,4,,,Q4       -,1
2023-03-03 0:00:00,7,22200952,3,Final,20230303/MEMDEN,1610612743,1610612763,2022,4,,ESPN,Q4       - ESPN,1
2023-03-03 0:00:00,8,22200953,3,Final,20230303/NOPGSW,1610612744,1610612740,2022,4,,,Q4       -,1
2023-03-03 0:00:00,9,22200954,3,Final,20230303/LACSAC,1610612758,1610612746,2022,4,,,Q4       -,1
2023-03-03 0:00:00,3,22200948,3,Final,20230303/BKNBOS,1610612738,1610612751,2022,4,,ESPN,Q4       - ESPN,1
2023-03-03 0:00:00,6,22200951,3,Final,20230303/UTAOKC,1610612760,1610612762,2022,4,,,Q4       -,1
2023-03-03 0:00:00,5,22200950,3,Final,20230303/PHXCHI,1610612741,1610612756,2022,4,,,Q4       -,1
2023-03-03 0:00:00,4,22200949,3,Final,20230303/NYKMIA,1610612748,1610612752,2022,4,,,Q4       -,1
2023-03-03 0:00:00,2,22200947,3,Final,20230303/PORATL,1610612737,1610612757,2022,4,,,Q4       -,1
2023-03-03 0:00:00,1,22200946,3,Final,20230303/ORLCHA,1610612766,1610612753,2022,4,,,Q4       -,1
2023-03-02 0:00:00,4,22200945,3,Final,20230302/LACGSW,1610612744,1610612746,2022,4,,TNT,Q4       - TNT,1
2023-03-02 0:00:00,1,22200942,3,Final,20230302/TORWAS,1610612764,1610612761,2022,4,,,Q4       -,1
2023-03-02 0:00:00,3,22200944,3,Final,20230302/INDSAS,1610612759,1610612754,2022,4,,,Q4       -,1
2023-03-02 0:00:00,2,22200943,3,Final,20230302/PHIDAL,1610612742,1610612755,2022,4,,TNT,Q4       - TNT,1
2023-03-01 0:00:00,4,22200936,3,Final,20230301/PHIMIA,1610612748,1610612755,2022,4,,,Q4       -,1
2023-03-01 0:00:00,5,22200937,3,Final,20230301/BKNNYK,1610612752,1610612751,2022,4,,,Q4       -,1
2023-03-01 0:00:00,3,22200935,3,Final,20230301/CLEBOS,1610612738,1610612739,2022,4,,ESPN,Q4       - ESPN,1
2023-03-01 0:00:00,6,22200938,3,Final,20230301/MEMHOU,1610612745,1610612763,2022,4,,,Q4       -,1
2023-03-01 0:00:00,7,22200939,3,Final,20230301/ORLMIL,1610612749,1610612753,2022,4,,,Q4       -,1
2023-03-01 0:00:00,1,22200933,3,Final,20230301/PHXCHA,1610612766,1610612756,2022,4,,,Q4       -,1
2023-03-01 0:00:00,2,22200934,3,Final,20230301/CHIDET,1610612765,1610612741,2022,4,,,Q4       -,1
2023-03-01 0:00:00,9,22200941,3,Final,20230301/NOPPOR,1610612757,1610612740,2022,4,,ESPN,Q4       - ESPN,1
2023-02-28 0:00:00,3,22200925,3,Final,20230228/CHITOR,1610612761,1610612741,2022,4,,,Q4       -,1
2023-02-28 0:00:00,8,22200930,3,Final,20230228/SASUTA,1610612762,1610612759,2022,4,,,Q4       -,1
2023-02-28 0:00:00,1,22200923,3,Final,20230228/WASATL,1610612737,1610612764,2022,4,,,Q4       -,1
2023-02-28 0:00:00,4,22200927,3,Final,20230228/LALMEM,1610612763,1610612747,2022,4,,TNT,Q4       - TNT,1
2023-02-28 0:00:00,9,22200931,3,Final,20230228/PORGSW,1610612744,1610612757,2022,4,,,Q4       -,1
2023-02-28 0:00:00,10,22200932,3,Final,20230228/MINLAC,1610612746,1610612750,2022,4,,TNT,Q4       - TNT,1
2023-02-28 0:00:00,7,22200929,3,Final,20230228/INDDAL,1610612742,1610612754,2022,4,,,Q4       -,1
2023-02-28 0:00:00,2,22200924,3,Final,20230228/MILBKN,1610612751,1610612749,2022,4,,,Q4       -,1
2023-02-28 0:00:00,5,22200926,3,Final,20230228/DENHOU,1610612745,1610612743,2022,4,,,Q4       -,1
2023-02-28 0:00:00,6,22200928,3,Final,20230228/SACOKC,1610612760,1610612758,2022,4,,,Q4       -,1
2023-02-27 0:00:00,2,22200920,3,Final,20230227/MIAPHI,1610612755,1610612748,2022,4,,NBA TV,Q4       - NBA TV,1
2023-02-27 0:00:00,1,22200919,3,Final,20230227/DETCHA,1610612766,1610612765,2022,4,,,Q4       -,1
2023-02-27 0:00:00,4,22200922,3,Final,20230227/ORLNOP,1610612740,1610612753,2022,4,,,Q4       -,1
2023-02-27 0:00:00,3,22200921,3,Final,20230227/BOSNYK,1610612752,1610612738,2022,4,,,Q4       -,1
2023-02-26 0:00:00,6,22200915,3,Final,20230226/SACOKC,1610612760,1610612758,2022,4,,,Q4       -,1
2023-02-26 0:00:00,9,22200918,3,Final,20230226/LACDEN,1610612743,1610612746,2022,5,,ESPN,Q5       - ESPN,1
2023-02-26 0:00:00,8,22200917,3,Final,20230226/HOUPOR,1610612757,1610612745,2022,4,,,Q4       -,1
2023-02-26 0:00:00,1,22200910,3,Final,20230226/PHXMIL,1610612749,1610612756,2022,4,,ABC,Q4       - ABC,1
2023-02-26 0:00:00,4,22200913,3,Final,20230226/LALDAL,1610612742,1610612747,2022,4,,ABC,Q4       - ABC,1
2023-02-26 0:00:00,3,22200912,3,Final,20230226/WASCHI,1610612741,1610612764,2022,4,,,Q4       -,1
2023-02-25 0:00:00,6,22200908,3,Final,20230225/BOSPHI,1610612755,1610612738,2022,4,,ABC,Q4       - ABC,1
2023-02-25 0:00:00,7,22200909,3,Final,20230225/SASUTA,1610612762,1610612759,2022,4,,,Q4       -,1
2023-02-25 0:00:00,5,22200907,3,Final,20230225/DENMEM,1610612763,1610612743,2022,4,,,Q4       -,1
2023-02-25 0:00:00,4,22200906,3,Final,20230225/NOPNYK,1610612752,1610612740,2022,4,,,Q4       -,1
2023-02-25 0:00:00,3,22200905,3,Final,20230225/INDORL,1610612753,1610612754,2022,4,,,Q4       -,1
2023-02-25 0:00:00,2,22200904,3,Final,20230225/MIACHA,1610612766,1610612748,2022,4,,,Q4       -,1
2023-02-25 0:00:00,1,22200903,3,Final,20230225/TORDET,1610612765,1610612761,2022,4,,,Q4       -,1
2023-02-24 0:00:00,4,22200898,3,Final,20230224/CHAMIN,1610612750,1610612766,2022,4,,,Q4       -,1
2023-02-24 0:00:00,7,22200901,3,Final,20230224/HOUGSW,1610612744,1610612745,2022,4,,,Q4       -,1
2023-02-24 0:00:00,6,22200899,3,Final,20230224/OKCPHX,1610612756,1610612760,2022,4,,ESPN,Q4       - ESPN,1
2023-02-24 0:00:00,1,22200895,3,Final,20230224/NYKWAS,1610612764,1610612752,2022,4,,,Q4       -,1
2023-02-24 0:00:00,2,22200896,3,Final,20230224/CLEATL,1610612737,1610612739,2022,4,,,Q4       -,1
2023-02-24 0:00:00,3,22200897,3,Final,20230224/MIAMIL,1610612749,1610612748,2022,4,,ESPN,Q4       - ESPN,1
2023-02-24 0:00:00,5,22200900,3,Final,20230224/BKNCHI,1610612741,1610612751,2022,4,,,Q4       -,1
2023-02-23 0:00:00,5,22200890,3,Final,20230223/NOPTOR,1610612761,1610612740,2022,4,,,Q4       -,1
2023-02-23 0:00:00,7,22200892,3,Final,20230223/OKCUTA,1610612762,1610612760,2022,5,,,Q5       -,1
2023-02-23 0:00:00,4,22200889,3,Final,20230223/MEMPHI,1610612755,1610612763,2022,4,,TNT,Q4       - TNT,1
2023-02-23 0:00:00,9,22200894,3,Final,20230223/PORSAC,1610612758,1610612757,2022,4,,,Q4       -,1
2023-02-23 0:00:00,2,22200887,3,Final,20230223/BOSIND,1610612754,1610612738,2022,5,,,Q5       -,1
2023-02-23 0:00:00,1,22200886,3,Final,20230223/DENCLE,1610612739,1610612743,2022,4,,,Q4       -,1
2023-02-23 0:00:00,6,22200891,3,Final,20230223/SASDAL,1610612742,1610612759,2022,4,,,Q4       -,1
2023-02-19 0:00:00,1,32200001,3,Final,20230219/GNSLBN,1610616834,1610616833,2022,4,,TNT/TBS,Q4       - TNT/TBS,1
2023-02-19 0:00:00,1,32200001,3,Final,20230219/GNSLBN,1610616834,1610616833,2022,4,,TNT/TBS,Q4       - TNT/TBS,1
2023-02-16 0:00:00,1,22200883,3,Final,20230216/MILCHI,1610612741,1610612749,2022,4,,TNT,Q4       - TNT,1
2023-02-16 0:00:00,3,22200885,3,Final,20230216/LACPHX,1610612756,1610612746,2022,4,,TNT,Q4       - TNT,1
2023-02-16 0:00:00,2,22200884,3,Final,20230216/WASMIN,1610612750,1610612764,2022,4,,,Q4       -,1
2023-02-15 0:00:00,10,22200882,3,Final,20230215/NOPLAL,1610612747,1610612740,2022,4,,ESPN,Q4       - ESPN,1
2023-02-15 0:00:00,1,22200873,3,Final,20230215/SASCHA,1610612766,1610612759,2022,4,,,Q4       -,1
2023-02-15 0:00:00,9,22200881,3,Final,20230215/DALDEN,1610612743,1610612742,2022,4,,,Q4       -,1
2023-02-15 0:00:00,8,22200880,3,Final,20230215/HOUOKC,1610612760,1610612745,2022,4,,,Q4       -,1
2023-02-15 0:00:00,2,22200874,3,Final,20230215/CHIIND,1610612754,1610612741,2022,4,,,Q4       -,1
2023-02-15 0:00:00,7,22200879,3,Final,20230215/UTAMEM,1610612763,1610612762,2022,4,,,Q4       -,1
2023-02-15 0:00:00,3,22200875,3,Final,20230215/CLEPHI,1610612755,1610612739,2022,4,,ESPN,Q4       - ESPN,1
2023-02-15 0:00:00,4,22200876,3,Final,20230215/NYKATL,1610612737,1610612752,2022,4,,,Q4       -,1
2023-02-15 0:00:00,6,22200878,3,Final,20230215/MIABKN,1610612751,1610612748,2022,4,,,Q4       -,1
2023-02-15 0:00:00,5,22200877,3,Final,20230215/DETBOS,1610612738,1610612765,2022,4,,,Q4       -,1
2023-02-14 0:00:00,3,22200870,3,Final,20230214/SACPHX,1610612756,1610612758,2022,4,,,Q4       -,1
2023-02-14 0:00:00,2,22200869,3,Final,20230214/BOSMIL,1610612749,1610612738,2022,5,,TNT,Q5       - TNT,1
2023-02-14 0:00:00,5,22200872,3,Final,20230214/WASPOR,1610612757,1610612764,2022,4,,,Q4       -,1
2023-02-14 0:00:00,4,22200871,3,Final,20230214/GSWLAC,1610612746,1610612744,2022,4,,TNT,Q4       - TNT,1
2023-02-14 0:00:00,1,22200868,3,Final,20230214/ORLTOR,1610612761,1610612753,2022,4,,,Q4       -,1
2023-02-13 0:00:00,10,22200866,3,Final,20230213/WASGSW,1610612744,1610612764,2022,4,,,Q4       -,1
2023-02-13 0:00:00,9,22200865,3,Final,20230213/MINDAL,1610612742,1610612750,2022,4,,,Q4       -,1
2023-02-13 0:00:00,2,22200858,3,Final,20230213/SASCLE,1610612739,1610612759,2022,4,,,Q4       -,1
2023-02-13 0:00:00,7,22200863,3,Final,20230213/ORLCHI,1610612741,1610612753,2022,4,,,Q4       -,1
2023-02-13 0:00:00,8,22200864,3,Final,20230213/NOPOKC,1610612760,1610612740,2022,4,,,Q4       -,1
2023-02-13 0:00:00,5,22200861,3,Final,20230213/DENMIA,1610612748,1610612743,2022,4,,NBA TV,Q4       - NBA TV,1
2023-02-13 0:00:00,1,22200857,3,Final,20230213/ATLCHA,1610612766,1610612737,2022,4,,,Q4       -,1
2023-02-13 0:00:00,3,22200859,3,Final,20230213/UTAIND,1610612754,1610612762,2022,4,,,Q4       -,1
2023-02-13 0:00:00,4,22200860,3,Final,20230213/HOUPHI,1610612755,1610612745,2022,4,,,Q4       -,1
2023-02-12 0:00:00,2,22200856,3,Final,20230212/DETTOR,1610612761,1610612765,2022,4,,,Q4       -,1
2023-02-12 0:00:00,1,22200855,3,Final,20230212/MEMBOS,1610612738,1610612763,2022,4,,ABC,Q4       - ABC,1
2023-02-11 0:00:00,8,22200853,3,Final,20230211/LALGSW,1610612744,1610612747,2022,4,,ABC,Q4       - ABC,1
2023-02-11 0:00:00,7,22200852,3,Final,20230211/CHICLE,1610612739,1610612741,2022,4,,,Q4       -,1
2023-02-11 0:00:00,6,22200851,3,Final,20230211/UTANYK,1610612752,1610612762,2022,4,,,Q4       -,1
2023-02-11 0:00:00,3,22200848,3,Final,20230211/MIAORL,1610612753,1610612748,2022,5,,,Q5       -,1
2023-02-11 0:00:00,5,22200850,3,Final,20230211/SASATL,1610612737,1610612759,2022,4,,,Q4       -,1
2023-02-11 0:00:00,4,22200849,3,Final,20230211/INDWAS,1610612764,1610612754,2022,4,,,Q4       -,1
2023-02-11 0:00:00,2,22200847,3,Final,20230211/DENCHA,1610612766,1610612743,2022,4,,,Q4       -,1
2023-02-11 0:00:00,9,22200854,3,Final,20230211/DALSAC,1610612758,1610612742,2022,5,,,Q5       -,1
2023-02-11 0:00:00,1,22200846,3,Final,20230211/PHIBKN,1610612751,1610612755,2022,4,,NBA TV,Q4       - NBA TV,1
2023-02-10 0:00:00,11,22200845,3,Final,20230210/MILLAC,1610612746,1610612749,2022,4,,,Q4       -,1
2023-02-10 0:00:00,3,22200837,3,Final,20230210/NYKPHI,1610612755,1610612752,2022,4,,,Q4       -,1
2023-02-10 0:00:00,9,22200843,3,Final,20230210/OKCPOR,1610612757,1610612760,2022,4,,,Q4       -,1
2023-02-10 0:00:00,10,22200844,3,Final,20230210/DALSAC,1610612758,1610612742,2022,4,,,Q4       -,1
2023-02-10 0:00:00,7,22200841,3,Final,20230210/MINMEM,1610612763,1610612750,2022,4,,,Q4       -,1
2023-02-10 0:00:00,2,22200836,3,Final,20230210/PHXIND,1610612754,1610612756,2022,4,,,Q4       -,1
2023-02-10 0:00:00,6,22200840,3,Final,20230210/HOUMIA,1610612748,1610612745,2022,4,,,Q4       -,1
2023-02-10 0:00:00,5,22200839,3,Final,20230210/UTATOR,1610612761,1610612762,2022,4,,,Q4       -,1
2023-02-09 0:00:00,1,22200831,3,Final,20230209/DENORL,1610612753,1610612743,2022,4,,,Q4       -,1
2023-02-09 0:00:00,3,22200833,3,Final,20230209/CHIBKN,1610612751,1610612741,2022,4,,TNT,Q4       - TNT,1
2023-02-09 0:00:00,2,22200832,3,Final,20230209/PHXATL,1610612737,1610612756,2022,4,,,Q4       -,1
2023-02-08 0:00:00,2,22200823,3,Final,20230208/CHAWAS,1610612764,1610612766,2022,4,,,Q4       -,1
2023-02-08 0:00:00,8,22200829,3,Final,20230208/DALLAC,1610612746,1610612742,2022,4,,ESPN,Q4       - ESPN,1
2023-02-08 0:00:00,9,22200830,3,Final,20230208/GSWPOR,1610612757,1610612744,2022,4,,,Q4       -,1
2023-02-08 0:00:00,1,22200822,3,Final,20230208/DETCLE,1610612739,1610612765,2022,4,,,Q4       -,1
2023-02-08 0:00:00,7,22200828,3,Final,20230208/MINUTA,1610612762,1610612750,2022,4,,,Q4       -,1
2023-02-08 0:00:00,4,22200825,3,Final,20230208/INDMIA,1610612748,1610612754,2022,4,,,Q4       -,1
2023-02-08 0:00:00,3,22200824,3,Final,20230208/PHIBOS,1610612738,1610612755,2022,4,,ESPN,Q4       - ESPN,1
2023-02-08 0:00:00,5,22200826,3,Final,20230208/SASTOR,1610612761,1610612759,2022,4,,,Q4       -,1
2023-02-08 0:00:00,6,22200827,3,Final,20230208/SACHOU,1610612745,1610612758,2022,4,,,Q4       -,1
2023-02-07 0:00:00,6,22200821,3,Final,20230207/OKCLAL,1610612747,1610612760,2022,4,,TNT,Q4       - TNT,1
2023-02-07 0:00:00,3,22200818,3,Final,20230207/ATLNOP,1610612740,1610612737,2022,4,,,Q4       -,1
2023-02-07 0:00:00,4,22200819,3,Final,20230207/CHIMEM,1610612763,1610612741,2022,4,,,Q4       -,1
2023-02-07 0:00:00,5,22200820,3,Final,20230207/MINDEN,1610612743,1610612750,2022,4,,,Q4       -,1
2023-02-06 0:00:00,6,22200813,3,Final,20230206/DALUTA,1610612762,1610612742,2022,4,,,Q4       -,1
2023-02-06 0:00:00,8,22200815,3,Final,20230206/MILPOR,1610612757,1610612749,2022,4,,NBA TV,Q4       - NBA TV,1
2023-02-06 0:00:00,1,22200808,3,Final,20230206/BOSDET,1610612765,1610612738,2022,4,,,Q4       -,1
2023-02-06 0:00:00,7,22200814,3,Final,20230206/OKCGSW,1610612744,1610612760,2022,4,,,Q4       -,1
2023-02-06 0:00:00,3,22200810,3,Final,20230206/LACBKN,1610612751,1610612746,2022,4,,NBA TV,Q4       - NBA TV,1
2023-02-06 0:00:00,4,22200811,3,Final,20230206/SASCHI,1610612741,1610612759,2022,4,,,Q4       -,1
2023-02-06 0:00:00,2,22200809,3,Final,20230206/CLEWAS,1610612764,1610612739,2022,4,,,Q4       -,1
2023-02-05 0:00:00,1,22200802,3,Final,20230205/ORLCHA,1610612766,1610612753,2022,4,,,Q4       -,1
2023-02-05 0:00:00,2,22200803,3,Final,20230205/CLEIND,1610612754,1610612739,2022,4,,,Q4       -,1
2023-02-05 0:00:00,4,22200805,3,Final,20230205/TORMEM,1610612763,1610612761,2022,4,,,Q4       -,1
2023-02-05 0:00:00,5,22200806,3,Final,20230205/DENMIN,1610612750,1610612743,2022,4,,,Q4       -,1
2023-02-05 0:00:00,6,22200807,3,Final,20230205/SACNOP,1610612740,1610612758,2022,4,,,Q4       -,1
2023-02-05 0:00:00,3,22200804,3,Final,20230205/PHINYK,1610612752,1610612755,2022,4,,ESPN,Q4       - ESPN,1
2023-02-04 0:00:00,3,22200794,3,Final,20230204/PHXDET,1610612765,1610612756,2022,4,,,Q4       -,1
2023-02-04 0:00:00,4,22200795,3,Final,20230204/LACNYK,1610612752,1610612746,2022,5,,,Q5       -,1
2023-02-04 0:00:00,1,22200793,3,Final,20230204/WASBKN,1610612751,1610612764,2022,4,,,Q4       -,1
2023-02-04 0:00:00,5,22200796,3,Final,20230204/PORCHI,1610612741,1610612757,2022,4,,,Q4       -,1
2023-02-04 0:00:00,6,22200797,3,Final,20230204/MIAMIL,1610612749,1610612748,2022,4,,,Q4       -,1
2023-02-04 0:00:00,8,22200800,3,Final,20230204/DALGSW,1610612744,1610612742,2022,4,,ABC,Q4       - ABC,1
2023-02-04 0:00:00,2,22200798,3,Final,20230204/LALNOP,1610612740,1610612747,2022,4,,ESPN2,Q4       - ESPN2,1
2023-02-03 0:00:00,6,22200790,3,Final,20230203/ORLMIN,1610612750,1610612753,2022,4,,,Q4       -,1
2023-02-03 0:00:00,5,22200789,3,Final,20230203/TORHOU,1610612745,1610612761,2022,4,,,Q4       -,1
2023-02-03 0:00:00,4,22200788,3,Final,20230203/PHXBOS,1610612738,1610612756,2022,4,,NBA TV,Q4       - NBA TV,1
2023-02-03 0:00:00,3,22200787,3,Final,20230203/PORWAS,1610612764,1610612757,2022,4,,,Q4       -,1
2023-02-03 0:00:00,2,22200786,3,Final,20230203/SACIND,1610612754,1610612758,2022,4,,,Q4       -,1
2023-02-03 0:00:00,8,22200792,3,Final,20230203/ATLUTA,1610612762,1610612737,2022,4,,,Q4       -,1
2023-02-02 0:00:00,5,22200782,3,Final,20230202/NOPDAL,1610612742,1610612740,2022,4,,,Q4       -,1
2023-02-02 0:00:00,6,22200783,3,Final,20230202/GSWDEN,1610612743,1610612744,2022,4,,,Q4       -,1
2023-02-02 0:00:00,1,22200778,3,Final,20230202/LALIND,1610612754,1610612747,2022,4,,,Q4       -,1
2023-02-02 0:00:00,3,22200780,3,Final,20230202/MIANYK,1610612752,1610612748,2022,4,,,Q4       -,1
2023-02-02 0:00:00,4,22200781,3,Final,20230202/CHACHI,1610612741,1610612766,2022,4,,,Q4       -,1
2023-02-01 0:00:00,6,22200774,3,Final,20230201/GSWMIN,1610612750,1610612744,2022,5,,,Q5       -,1
2023-02-01 0:00:00,7,22200775,3,Final,20230201/SACSAS,1610612759,1610612758,2022,4,,,Q4       -,1
2023-02-01 0:00:00,2,22200770,3,Final,20230201/ORLPHI,1610612755,1610612753,2022,4,,,Q4       -,1
2023-02-01 0:00:00,3,22200771,3,Final,20230201/PORMEM,1610612763,1610612757,2022,4,,,Q4       -,1
2023-02-01 0:00:00,4,22200772,3,Final,20230201/BKNBOS,1610612738,1610612751,2022,4,,ESPN,Q4       - ESPN,1
2023-02-01 0:00:00,5,22200773,3,Final,20230201/OKCHOU,1610612745,1610612760,2022,4,,,Q4       -,1
2023-02-01 0:00:00,8,22200776,3,Final,20230201/TORUTA,1610612762,1610612761,2022,4,,,Q4       -,1
2023-02-01 0:00:00,9,22200777,3,Final,20230201/ATLPHX,1610612756,1610612737,2022,4,,ESPN,Q4       - ESPN,1
2023-01-31 0:00:00,1,22200764,3,Final,20230131/MIACLE,1610612739,1610612748,2022,4,,,Q4       -,1
2023-01-31 0:00:00,2,22200765,3,Final,20230131/LALNYK,1610612752,1610612747,2022,5,,TNT,Q5       - TNT,1
2023-01-31 0:00:00,4,22200767,3,Final,20230131/CHAMIL,1610612749,1610612766,2022,4,,,Q4       -,1
2023-01-31 0:00:00,3,22200766,3,Final,20230131/LACCHI,1610612741,1610612746,2022,4,,,Q4       -,1
2023-01-31 0:00:00,5,22200768,3,Final,20230131/NOPDEN,1610612743,1610612740,2022,4,,TNT,Q4       - TNT,1
2023-01-30 0:00:00,4,22200759,3,Final,20230130/GSWOKC,1610612760,1610612744,2022,4,,,Q4       -,1
2023-01-30 0:00:00,5,22200760,3,Final,20230130/WASSAS,1610612759,1610612764,2022,4,,,Q4       -,1
2023-01-30 0:00:00,3,22200758,3,Final,20230130/SACMIN,1610612750,1610612758,2022,5,,,Q5       -,1
2023-01-30 0:00:00,1,22200756,3,Final,20230130/ORLPHI,1610612755,1610612753,2022,4,,,Q4       -,1
2023-01-30 0:00:00,6,22200761,3,Final,20230130/DETDAL,1610612742,1610612765,2022,4,,,Q4       -,1
2023-01-30 0:00:00,7,22200762,3,Final,20230130/TORPHX,1610612756,1610612761,2022,4,,,Q4       -,1
2023-01-30 0:00:00,8,22200763,3,Final,20230130/ATLPOR,1610612757,1610612737,2022,4,,NBA TV,Q4       - NBA TV,1
2023-01-30 0:00:00,2,22200757,3,Final,20230130/LALBKN,1610612751,1610612747,2022,4,,NBA TV,Q4       - NBA TV,1
2023-01-29 0:00:00,2,22200753,3,Final,20230129/INDMEM,1610612763,1610612754,2022,4,,,Q4       -,1
2023-01-29 0:00:00,1,22200752,3,Final,20230129/MIACHA,1610612766,1610612748,2022,4,,,Q4       -,1
2023-01-29 0:00:00,3,22200754,3,Final,20230129/LACCLE,1610612739,1610612746,2022,4,,,Q4       -,1
2023-01-29 0:00:00,4,22200755,3,Final,20230129/NOPMIL,1610612749,1610612740,2022,4,,NBA TV,Q4       - NBA TV,1
2023-01-28 0:00:00,1,22200741,3,Final,20230128/DENPHI,1610612755,1610612743,2022,4,,ABC,Q4       - ABC,1
2023-01-28 0:00:00,2,22200742,3,Final,20230128/NYKBKN,1610612751,1610612752,2022,4,,ABC,Q4       - ABC,1
2023-01-28 0:00:00,4,22200744,3,Final,20230128/CHIORL,1610612753,1610612741,2022,4,,,Q4       -,1
2023-01-28 0:00:00,7,22200747,3,Final,20230128/WASNOP,1610612740,1610612764,2022,4,,,Q4       -,1
2023-01-28 0:00:00,6,22200746,3,Final,20230128/SACMIN,1610612750,1610612758,2022,4,,,Q4       -,1
2023-01-28 0:00:00,8,22200748,3,Final,20230128/PHXSAS,1610612759,1610612756,2022,5,,,Q5       -,1
2023-01-28 0:00:00,10,22200750,3,Final,20230128/DALUTA,1610612762,1610612742,2022,4,,,Q4       -,1
2023-01-28 0:00:00,3,22200743,3,Final,20230128/HOUDET,1610612765,1610612745,2022,4,,,Q4       -,1
2023-01-28 0:00:00,9,22200749,3,Final,20230128/LALBOS,1610612738,1610612747,2022,5,,ABC,Q5       - ABC,1
2023-01-28 0:00:00,5,22200745,3,Final,20230128/LACATL,1610612737,1610612746,2022,4,,,Q4       -,1
2023-01-28 0:00:00,11,22200751,3,Final,20230128/TORPOR,1610612757,1610612761,2022,4,,,Q4       -,1
2023-01-27 0:00:00,4,22200739,3,Final,20230127/CLEOKC,1610612760,1610612739,2022,4,,,Q4       -,1
2023-01-27 0:00:00,1,22200736,3,Final,20230127/MILIND,1610612754,1610612749,2022,4,,,Q4       -,1
2023-01-27 0:00:00,2,22200737,3,Final,20230127/MEMMIN,1610612750,1610612763,2022,4,,NBA TV,Q4       - NBA TV,1
2023-01-27 0:00:00,3,22200738,3,Final,20230127/ORLMIA,1610612748,1610612753,2022,4,,,Q4       -,1
2023-01-27 0:00:00,5,22200740,3,Final,20230127/TORGSW,1610612744,1610612761,2022,4,,NBA TV,Q4       - NBA TV,1
2023-01-26 0:00:00,1,22200730,3,Final,20230126/NYKBOS,1610612738,1610612752,2022,5,,TNT,Q5       - TNT,1
2023-01-26 0:00:00,5,22200734,3,Final,20230126/DALPHX,1610612756,1610612742,2022,4,,TNT,Q4       - TNT,1
2023-01-26 0:00:00,6,22200735,3,Final,20230126/SASLAC,1610612746,1610612759,2022,4,,,Q4       -,1
2023-01-26 0:00:00,3,22200732,3,Final,20230126/CHICHA,1610612766,1610612741,2022,4,,,Q4       -,1
2023-01-26 0:00:00,2,22200731,3,Final,20230126/DETBKN,1610612751,1610612765,2022,4,,,Q4       -,1
2023-01-25 0:00:00,2,22200721,3,Final,20230125/BKNPHI,1610612755,1610612751,2022,4,,ESPN,Q4       - ESPN,1
2023-01-25 0:00:00,6,22200725,3,Final,20230125/ATLOKC,1610612760,1610612737,2022,4,,,Q4       -,1
2023-01-25 0:00:00,1,22200720,3,Final,20230125/INDORL,1610612753,1610612754,2022,4,,,Q4       -,1
2023-01-25 0:00:00,5,22200724,3,Final,20230125/MINNOP,1610612740,1610612750,2022,4,,,Q4       -,1
2023-01-25 0:00:00,10,22200729,3,Final,20230125/SASLAL,1610612747,1610612759,2022,4,,,Q4       -,1
2023-01-25 0:00:00,3,22200722,3,Final,20230125/WASHOU,1610612745,1610612764,2022,4,,,Q4       -,1
2023-01-25 0:00:00,8,22200727,3,Final,20230125/UTAPOR,1610612757,1610612762,2022,4,,,Q4       -,1
2023-01-25 0:00:00,7,22200726,3,Final,20230125/MEMGSW,1610612744,1610612763,2022,4,,ESPN,Q4       - ESPN,1
2023-01-25 0:00:00,9,22200728,3,Final,20230125/TORSAC,1610612758,1610612761,2022,4,,,Q4       -,1
2023-01-24 0:00:00,1,22200713,3,Final,20230124/CHIIND,1610612754,1610612741,2022,4,,,Q4       -,1
2023-01-24 0:00:00,6,22200718,3,Final,20230124/CHAPHX,1610612756,1610612766,2022,4,,,Q4       -,1
2023-01-24 0:00:00,7,22200719,3,Final,20230124/LACLAL,1610612747,1610612746,2022,4,,TNT,Q4       - TNT,1
2023-01-24 0:00:00,3,22200715,3,Final,20230124/CLENYK,1610612752,1610612739,2022,4,,,Q4       -,1
2023-01-24 0:00:00,4,22200716,3,Final,20230124/DENNOP,1610612740,1610612743,2022,4,,,Q4       -,1
2023-01-24 0:00:00,5,22200717,3,Final,20230124/WASDAL,1610612742,1610612764,2022,4,,,Q4       -,1
2023-01-24 0:00:00,2,22200714,3,Final,20230124/BOSMIA,1610612748,1610612738,2022,4,,TNT,Q4       - TNT,1
2023-01-23 0:00:00,1,22200706,3,Final,20230123/MILDET,1610612765,1610612749,2022,4,,,Q4       -,1
2023-01-23 0:00:00,7,22200712,3,Final,20230123/MEMSAC,1610612758,1610612763,2022,4,,NBA TV,Q4       - NBA TV,1