game_id,league_id,team_id_home,team_abbreviation_home,team_city_home,pts_paint_home,pts_2nd_chance_home,pts_fb_home,largest_lead_home,lead_changes,times_tied,team_turnovers_home,total_turnovers_home,team_rebounds_home,pts_off_to_home,team_id_away,team_abbreviation_away,team_city_away,pts_paint_away,pts_2nd_chance_away,pts_fb_away,largest_lead_away,team_turnovers_away,total_turnovers_away,team_rebounds_away,pts_off_to_away
0029600012,00,1610612756,PHX,Phoenix,44,18,2,1,4,1,0.0,12.0,11.0,,1610612747,LAL,Los Angeles,42,10,13,19,0.0,23.0,11.0,
0029600005,00,1610612737,ATL,Atlanta,32,9,6,0,0,0,1.0,24.0,7.0,,1610612748,MIA,Miami,32,15,14,16,1.0,19.0,6.0,
0029600002,00,1610612739,CLE,Cleveland,36,14,6,20,1,1,0.0,15.0,5.0,,1610612751,NJN,New Jersey,26,16,4,2,1.0,22.0,12.0,
0029600007,00,1610612754,IND,Indiana,34,11,4,10,7,4,0.0,18.0,8.0,,1610612765,DET,Detroit,30,14,7,9,2.0,19.0,10.0,
0029600013,00,1610612746,LAC,Los Angeles,40,19,2,12,5,4,0.0,20.0,7.0,,1610612744,GSW,Golden State,30,9,2,6,0.0,20.0,7.0,
0029600009,00,1610612745,HOU,Houston,44,16,20,25,8,3,2.0,23.0,14.0,,1610612758,SAC,Sacramento,38,9,12,2,0.0,27.0,11.0,
0029600014,00,1610612757,POR,Portland,62,24,19,35,3,3,0.0,17.0,11.0,,1610612763,VAN,Vancouver,34,8,6,2,1.0,16.0,9.0,
0029600001,00,1610612738,BOS,Boston,48,18,15,16,8,5,0.0,18.0,11.0,,1610612741,CHI,Chicago,56,12,15,11,0.0,19.0,13.0,
0029600006,00,1610612761,TOR,Toronto,28,11,14,7,16,7,0.0,24.0,12.0,,1610612752,NYK,New York,38,10,15,11,0.0,24.0,13.0,
0029600003,00,1610612749,MIL,Milwaukee,46,27,9,14,4,5,1.0,15.0,14.0,,1610612755,PHI,Philadelphia,54,8,24,2,1.0,14.0,10.0,
0029600008,00,1610612759,SAS,San Antonio,28,2,15,5,5,4,1.0,18.0,8.0,,1610612750,MIN,Minnesota,24,12,0,9,1.0,18.0,12.0,
0029600011,00,1610612762,UTA,Utah,32,16,13,11,10,8,0.0,9.0,8.0,,1610612760,SEA,Seattle,38,18,6,4,0.0,12.0,10.0,
0029600004,00,1610612764,WAS,Washington,48,9,20,5,4,6,0.0,16.0,13.0,,1610612753,ORL,Orlando,38,25,3,18,1.0,17.0,8.0,
0029600018,00,1610612748,MIA,Miami,32,13,15,12,5,6,0.0,19.0,15.0,,1610612754,IND,Indiana,34,12,20,12,0.0,19.0,10.0,
0029600023,00,1610612746,LAC,Los Angeles,32,16,16,5,6,4,1.0,12.0,16.0,,1610612762,UTA,Utah,40,11,7,16,0.0,13.0,14.0,
0029600017,00,1610612765,DET,Detroit,18,14,8,18,5,7,0.0,12.0,5.0,,1610612737,ATL,Atlanta,10,14,2,10,0.0,19.0,9.0,
0029600019,00,1610612741,CHI,Chicago,42,13,21,34,2,2,0.0,16.0,8.0,,1610612755,PHI,Philadelphia,26,16,5,5,1.0,23.0,14.0,
0029600016,00,1610612766,CHH,Charlotte,46,15,8,0,0,2,0.0,17.0,9.0,,1610612761,TOR,Toronto,48,17,13,0,1.0,12.0,9.0,
0029600021,00,1610612742,DAL,Dallas,36,17,20,3,10,1,1.0,20.0,7.0,18.0,1610612758,SAC,Sacramento,54,14,14,30,0.0,16.0,12.0,19.0
0029600022,00,1610612756,PHX,Phoenix,42,12,15,0,0,2,0.0,5.0,12.0,,1610612745,HOU,Houston,34,26,2,23,0.0,17.0,12.0,
0029600020,00,1610612749,MIL,Milwaukee,56,24,26,36,4,2,2.0,12.0,5.0,,1610612738,BOS,Boston,40,19,21,1,0.0,17.0,7.0,
0029600025,00,1610612766,CHH,Charlotte,28,24,5,0,0,0,2.0,25.0,11.0,,1610612752,NYK,New York,42,22,19,38,0.0,9.0,5.0,
0029600028,00,1610612763,VAN,Vancouver,52,13,13,2,5,4,0.0,15.0,4.0,,1610612744,GSW,Golden State,40,20,19,15,0.0,22.0,8.0,
0029600027,00,1610612747,LAL,Los Angeles,58,11,18,9,7,6,1.0,22.0,8.0,,1610612750,MIN,Minnesota,38,16,10,15,0.0,15.0,7.0,
0029600026,00,1610612743,DEN,Denver,38,16,15,20,4,3,1.0,17.0,6.0,,1610612759,SAS,San Antonio,22,6,9,4,1.0,20.0,10.0,
0029600030,00,1610612737,ATL,Atlanta,28,8,9,25,0,2,0.0,16.0,6.0,,1610612757,POR,Portland,32,14,12,0,2.0,28.0,11.0,
0029600040,00,1610612737,ATL,Atlanta,30,18,17,26,15,5,0.0,15.0,7.0,,1610612760,SEA,Seattle,46,19,12,6,0.0,21.0,4.0,
0029600034,00,1610612739,CLE,Cleveland,40,13,8,17,4,2,2.0,17.0,14.0,,1610612759,SAS,San Antonio,26,1,10,9,0.0,16.0,15.0,
0029600031,00,1610612752,NYK,New York,34,18,16,7,5,7,0.0,14.0,9.0,,1610612747,LAL,Los Angeles,40,7,14,9,2.0,19.0,9.0,
0029600038,00,1610612744,GSW,Golden State,32,16,6,0,0,1,1.0,21.0,11.0,,1610612757,POR,Portland,50,14,8,20,0.0,18.0,6.0,
0029600039,00,1610612745,HOU,Houston,38,7,8,29,2,6,1.0,22.0,11.0,,1610612758,SAC,Sacramento,38,20,7,4,0.0,29.0,16.0,
0029600037,00,1610612756,PHX,Phoenix,42,15,12,6,11,5,0.0,14.0,7.0,,1610612750,MIN,Minnesota,44,15,6,12,0.0,16.0,10.0,
0029600042,00,1610612759,SAS,San Antonio,44,14,18,7,4,8,1.0,12.0,6.0,,1610612764,WAS,Washington,38,20,22,12,0.0,14.0,5.0,
0029600044,00,1610612766,CHH,Charlotte,40,10,13,0,8,8,0.0,10.0,8.0,,1610612747,LAL,Los Angeles,48,13,14,8,0.0,16.0,6.0,
0029600043,00,1610612748,MIA,Miami,42,19,8,15,4,5,1.0,14.0,8.0,,1610612741,CHI,Chicago,22,19,8,16,2.0,13.0,7.0,
0029600041,00,1610612754,IND,Indiana,38,10,14,26,2,3,1.0,24.0,3.0,,1610612738,BOS,Boston,56,13,22,10,0.0,15.0,12.0,
0029600046,00,1610612749,MIL,Milwaukee,52,15,24,21,0,1,0.0,21.0,10.0,,1610612763,VAN,Vancouver,42,14,12,0,0.0,22.0,8.0,
0029600045,00,1610612742,DAL,Dallas,30,18,8,8,2,2,0.0,14.0,9.0,,1610612765,DET,Detroit,32,15,9,28,3.0,15.0,9.0,
0029600049,00,1610612756,PHX,Phoenix,38,9,12,3,2,1,0.0,19.0,5.0,,1610612760,SEA,Seattle,40,21,17,21,1.0,23.0,17.0,
0029600051,00,1610612758,SAC,Sacramento,34,11,20,13,10,10,0.0,16.0,5.0,,1610612737,ATL,Atlanta,30,17,8,4,0.0,17.0,9.0,
0029600047,00,1610612751,NJN,New Jersey,42,32,20,8,10,18,0.0,21.0,5.0,,1610612753,ORL,Orlando,54,10,12,17,0.0,18.0,12.0,
0029600048,00,1610612745,HOU,Houston,40,19,7,9,16,15,3.0,17.0,14.0,,1610612743,DEN,Denver,26,24,9,9,2.0,19.0,11.0,
0029600057,00,1610612747,LAL,Los Angeles,48,25,19,2,1,3,0.0,13.0,17.0,,1610612761,TOR,Toronto,38,12,27,13,0.0,19.0,9.0,
0029600059,00,1610612765,DET,Detroit,22,11,0,5,3,3,0.0,14.0,7.0,0.0,1610612741,CHI,Chicago,22,7,3,24,1.0,11.0,4.0,0.0
0029600053,00,1610612755,PHI,Philadelphia,52,17,19,12,8,9,1.0,18.0,20.0,,1610612738,BOS,Boston,52,21,17,14,0.0,20.0,8.0,
0029600062,00,1610612752,NYK,New York,26,15,8,12,2,4,0.0,32.0,10.0,,1610612746,LAC,Los Angeles,30,12,4,1,1.0,21.0,14.0,
0029600055,00,1610612751,NJN,New Jersey,46,14,15,4,9,7,1.0,22.0,4.0,,1610612753,ORL,Orlando,34,13,17,15,0.0,18.0,12.0,
0029600054,00,1610612764,WAS,Washington,54,27,17,4,1,2,0.0,7.0,9.0,,1610612766,CHH,Charlotte,34,10,10,0,2.0,10.0,8.0,
0029600056,00,1610612748,MIA,Miami,42,14,10,19,4,8,0.0,17.0,6.0,,1610612749,MIL,Milwaukee,40,10,4,2,0.0,20.0,4.0,
0029600058,00,1610612763,VAN,Vancouver,36,13,13,2,2,3,1.0,15.0,7.0,,1610612739,CLE,Cleveland,40,18,12,30,0.0,18.0,11.0,
0029600065,00,1610612754,IND,Indiana,48,17,18,4,20,10,0.0,18.0,9.0,,1610612764,WAS,Washington,36,20,15,8,1.0,16.0,14.0,
0029600064,00,1610612766,CHH,Charlotte,30,5,5,0,11,8,0.0,10.0,8.0,,1610612749,MIL,Milwaukee,36,11,8,4,1.0,12.0,17.0,
0029600066,00,1610612738,BOS,Boston,32,15,12,10,6,7,1.0,27.0,11.0,,1610612741,CHI,Chicago,56,13,21,16,0.0,15.0,10.0,
0029600063,00,1610612756,PHX,Phoenix,38,9,5,0,0,0,1.0,19.0,14.0,,1610612755,PHI,Philadelphia,42,26,14,27,0.0,27.0,13.0,
0029600068,00,1610612745,HOU,Houston,42,10,6,9,12,14,1.0,16.0,12.0,,1610612762,UTA,Utah,34,10,10,6,1.0,14.0,14.0,
0029600074,00,1610612752,NYK,New York,46,13,15,24,13,8,0.0,17.0,8.0,,1610612763,VAN,Vancouver,32,21,10,4,1.0,18.0,9.0,
0029600072,00,1610612747,LAL,Los Angeles,46,16,15,12,8,8,0.0,16.0,10.0,,1610612737,ATL,Atlanta,26,12,13,19,1.0,10.0,13.0,
0029600070,00,1610612739,CLE,Cleveland,40,15,6,29,15,2,0.0,16.0,6.0,16.0,1610612743,DEN,Denver,34,10,15,5,1.0,23.0,6.0,33.0
0029600071,00,1610612750,MIN,Minnesota,20,11,2,7,5,4,0.0,15.0,9.0,,1610612746,LAC,Los Angeles,36,17,8,14,2.0,16.0,13.0,
0029600073,00,1610612759,SAS,San Antonio,42,7,9,1,2,0,0.0,10.0,7.0,,1610612757,POR,Portland,44,16,14,18,0.0,17.0,11.0,
0029600076,00,1610612741,CHI,Chicago,36,15,10,20,12,5,0.0,11.0,5.0,,1610612756,PHX,Phoenix,30,10,15,7,1.0,18.0,11.0,
0029600075,00,1610612743,DEN,Denver,28,9,14,23,1,1,2.0,28.0,15.0,,1610612761,TOR,Toronto,38,11,15,2,1.0,22.0,10.0,
0029600084,00,1610612750,MIN,Minnesota,46,21,13,13,6,2,0.0,15.0,14.0,,1610612757,POR,Portland,36,22,5,1,1.0,14.0,17.0,
0029600086,00,1610612745,HOU,Houston,50,28,8,7,12,13,1.0,18.0,17.0,,1610612747,LAL,Los Angeles,52,35,6,12,0.0,14.0,13.0,
0029600088,00,1610612763,VAN,Vancouver,26,15,11,20,1,2,0.0,17.0,3.0,,1610612746,LAC,Los Angeles,52,17,21,10,1.0,16.0,14.0,
0029600085,00,1610612754,IND,Indiana,30,10,10,8,3,1,1.0,20.0,9.0,,1610612742,DAL,Dallas,52,17,27,31,3.0,22.0,7.0,
0029600081,00,1610612748,MIA,Miami,60,27,12,16,1,3,0.0,14.0,6.0,,1610612766,CHH,Charlotte,36,21,0,0,3.0,23.0,10.0,
0029600083,00,1610612756,PHX,Phoenix,48,8,17,9,9,13,0.0,19.0,8.0,,1610612749,MIL,Milwaukee,46,21,18,10,0.0,17.0,9.0,
0029600087,00,1610612760,SEA,Seattle,70,13,16,20,10,9,0.0,9.0,14.0,,1610612744,GSW,Golden State,30,13,10,11,0.0,19.0,12.0,
0029600082,00,1610612739,CLE,Cleveland,26,14,6,7,9,5,0.0,18.0,7.0,,1610612737,ATL,Atlanta,32,18,2,9,1.0,14.0,14.0,
0029600079,00,1610612755,PHI,Philadelphia,28,18,5,8,15,17,0.0,16.0,17.0,,1610612752,NYK,New York,48,18,6,3,1.0,15.0,8.0,
0029600092,00,1610612757,POR,Portland,32,14,4,4,3,6,0.0,21.0,11.0,,1610612739,CLE,Cleveland,32,10,9,21,1.0,15.0,6.0,
0029600089,00,1610612738,BOS,Boston,44,6,30,27,1,1,3.0,25.0,5.0,,1610612737,ATL,Atlanta,22,9,15,2,2.0,27.0,8.0,
0029600090,00,1610612751,NJN,New Jersey,52,19,8,5,8,4,0.0,31.0,4.0,,1610612764,WAS,Washington,62,7,14,22,0.0,20.0,5.0,
0029600096,00,1610612762,UTA,Utah,46,11,7,39,0,3,0.0,16.0,12.0,,1610612758,SAC,Sacramento,20,8,6,0,2.0,19.0,9.0,
0029600095,00,1610612759,SAS,San Antonio,46,17,19,20,1,4,2.0,22.0,7.0,,1610612747,LAL,Los Angeles,36,11,13,8,0.0,23.0,12.0,
0029600094,00,1610612748,MIA,Miami,28,6,6,2,5,3,0.0,15.0,8.0,,1610612741,CHI,Chicago,28,7,13,32,0.0,7.0,15.0,
0029600099,00,1610612742,DAL,Dallas,48,16,17,8,5,5,0.0,21.0,10.0,,1610612750,MIN,Minnesota,38,10,19,12,0.0,20.0,6.0,
0029600103,00,1610612756,PHX,Phoenix,44,18,9,7,8,3,1.0,23.0,13.0,,1610612763,VAN,Vancouver,30,16,15,9,0.0,11.0,9.0,
0029600101,00,1610612760,SEA,Seattle,38,10,10,16,4,2,0.0,16.0,6.0,,1610612746,LAC,Los Angeles,28,13,9,4,1.0,21.0,11.0,
0029600098,00,1610612766,CHH,Charlotte,38,12,9,0,6,5,0.0,12.0,5.0,,1610612753,ORL,Orlando,46,18,16,13,0.0,11.0,11.0,
0029600100,00,1610612754,IND,Indiana,28,14,8,9,16,9,0.0,18.0,8.0,,1610612745,HOU,Houston,38,14,3,3,1.0,21.0,15.0,
0029600112,00,1610612746,LAC,Los Angeles,54,18,10,0,0,2,0.0,22.0,11.0,,1610612747,LAL,Los Angeles,52,9,12,15,0.0,20.0,9.0,
0029600105,00,1610612751,NJN,New Jersey,26,20,6,9,3,9,0.0,20.0,12.0,,1610612757,POR,Portland,44,9,10,10,0.0,14.0,14.0,
0029600111,00,1610612763,VAN,Vancouver,44,19,17,8,15,9,0.0,8.0,6.0,,1610612762,UTA,Utah,56,16,19,15,0.0,18.0,5.0,
0029600107,00,1610612766,CHH,Charlotte,30,11,11,0,0,1,0.0,14.0,7.0,,1610612741,CHI,Chicago,46,18,13,37,0.0,20.0,11.0,
0029600106,00,1610612739,CLE,Cleveland,44,9,8,16,8,5,0.0,14.0,9.0,,1610612755,PHI,Philadelphia,40,13,20,10,0.0,22.0,8.0,
0029600113,00,1610612758,SAC,Sacramento,44,10,10,7,5,2,0.0,14.0,7.0,,1610612749,MIL,Milwaukee,30,11,4,15,0.0,11.0,9.0,
0029600110,00,1610612754,IND,Indiana,42,14,19,26,1,3,3.0,20.0,14.0,,1610612759,SAS,San Antonio,34,3,8,2,0.0,13.0,6.0,
0029600114,00,1610612752,NYK,New York,32,8,10,5,11,9,0.0,27.0,9.0,0.0,1610612750,MIN,Minnesota,28,14,7,10,1.0,22.0,13.0,0.0
0029600117,00,1610612753,ORL,Orlando,36,24,11,11,10,6,0.0,19.0,6.0,,1610612761,TOR,Toronto,42,9,10,4,0.0,17.0,8.0,
0029600116,00,1610612764,WAS,Washington,56,15,13,14,3,6,0.0,9.0,5.0,,1610612738,BOS,Boston,44,5,20,13,2.0,13.0,14.0,
0029600123,00,1610612760,SEA,Seattle,44,12,14,18,0,0,0.0,10.0,8.0,,1610612758,SAC,Sacramento,38,23,6,0,1.0,21.0,11.0,
0029600122,00,1610612744,GSW,Golden State,56,14,31,3,2,7,1.0,18.0,3.0,,1610612745,HOU,Houston,54,15,13,17,0.0,28.0,5.0,
0029600115,00,1610612743,DEN,Denver,34,17,5,3,3,8,2.0,18.0,14.0,,1610612751,NJN,New Jersey,46,19,19,18,0.0,16.0,15.0,
0029600120,00,1610612737,ATL,Atlanta,34,9,5,1,2,2,1.0,13.0,12.0,,1610612741,CHI,Chicago,42,16,19,28,0.0,10.0,7.0,
0029600127,00,1610612746,LAC,Los Angeles,54,14,22,8,14,9,0.0,17.0,11.0,,1610612749,MIL,Milwaukee,36,13,21,7,0.0,14.0,8.0,
0029600128,00,1610612760,SEA,Seattle,42,10,20,15,4,5,1.0,15.0,11.0,,1610612763,VAN,Vancouver,32,24,5,6,1.0,26.0,6.0,
0029600124,00,1610612754,IND,Indiana,22,6,16,7,6,7,1.0,10.0,5.0,,1610612757,POR,Portland,40,6,9,12,2.0,14.0,5.0,
0029600126,00,1610612747,LAL,Los Angeles,32,10,18,14,1,2,0.0,20.0,13.0,,1610612756,PHX,Phoenix,38,12,7,8,0.0,14.0,5.0,
0029600137,00,1610612757,POR,Portland,40,23,9,10,8,7,0.0,9.0,7.0,,1610612758,SAC,Sacramento,40,9,7,8,0.0,18.0,7.0,
0029600135,00,1610612743,DEN,Denver,36,16,14,2,3,1,0.0,24.0,7.0,,1610612748,MIA,Miami,42,6,17,24,0.0,15.0,9.0,
0029600134,00,1610612745,HOU,Houston,54,13,22,36,1,2,0.0,15.0,8.0,,1610612750,MIN,Minnesota,48,13,17,6,1.0,13.0,8.0,
0029600132,00,1610612739,CLE,Cleveland,24,14,9,12,4,1,1.0,14.0,6.0,,1610612737,ATL,Atlanta,22,7,5,1,0.0,16.0,9.0,
0029600133,00,1610612749,MIL,Milwaukee,46,7,12,5,19,19,1.0,12.0,12.0,,1610612742,DAL,Dallas,38,13,15,7,1.0,21.0,10.0,
0029600131,00,1610612761,TOR,Toronto,20,24,29,1,2,1,2.0,22.0,12.0,,1610612760,SEA,Seattle,52,21,35,27,0.0,21.0,16.0,
0029600136,00,1610612744,GSW,Golden State,30,14,15,9,12,10,1.0,16.0,6.0,,1610612747,LAL,Los Angeles,64,9,19,7,0.0,13.0,10.0,
0029600138,00,1610612765,DET,Detroit,40,14,15,31,5,1,2.0,16.0,6.0,,1610612738,BOS,Boston,34,16,14,6,1.0,22.0,6.0,
0029600140,00,1610612760,SEA,Seattle,44,17,19,16,11,13,1.0,22.0,14.0,,1610612764,WAS,Washington,44,34,8,5,0.0,20.0,10.0,
0029600145,00,1610612763,VAN,Vancouver,24,9,8,11,2,1,0.0,22.0,6.0,,1610612748,MIA,Miami,38,12,21,23,2.0,19.0,8.0,
0029600143,00,1610612756,PHX,Phoenix,46,19,10,0,0,1,1.0,17.0,13.0,,1610612741,CHI,Chicago,40,24,5,23,0.0,17.0,7.0,
0029600141,00,1610612766,CHH,Charlotte,42,16,10,0,9,8,0.0,17.0,12.0,,1610612752,NYK,New York,26,8,7,13,3.0,23.0,10.0,
0029600142,00,1610612746,LAC,Los Angeles,40,12,8,14,5,0,1.0,16.0,12.0,,1610612759,SAS,San Antonio,38,11,18,3,0.0,15.0,9.0,
0029600144,00,1610612762,UTA,Utah,48,2,10,19,8,11,2.0,15.0,7.0,,1610612747,LAL,Los Angeles,44,15,11,6,0.0,15.0,9.0,
0029600139,00,1610612755,PHI,Philadelphia,18,18,12,5,15,6,0.0,22.0,8.0,,1610612754,IND,Indiana,42,15,9,12,0.0,15.0,7.0,
0029600150,00,1610612749,MIL,Milwaukee,38,12,12,0,0,2,0.0,10.0,10.0,,1610612737,ATL,Atlanta,38,11,10,12,0.0,14.0,16.0,
0029600148,00,1610612751,NJN,New Jersey,28,5,12,8,1,4,0.0,15.0,7.0,,1610612765,DET,Detroit,26,6,6,13,2.0,16.0,7.0,
0029600151,00,1610612746,LAC,Los Angeles,42,20,13,8,1,0,1.0,14.0,6.0,,1610612742,DAL,Dallas,50,20,21,20,0.0,12.0,5.0,
0029600154,00,1610612762,UTA,Utah,48,18,11,11,13,7,0.0,22.0,9.0,,1610612744,GSW,Golden State,32,16,3,9,1.0,18.0,10.0,
0029600147,00,1610612761,TOR,Toronto,32,17,20,2,5,0,0.0,18.0,7.0,,1610612739,CLE,Cleveland,32,12,17,16,0.0,16.0,9.0,
0029600155,00,1610612738,BOS,Boston,30,21,13,5,8,4,1.0,21.0,14.0,,1610612760,SEA,Seattle,52,8,30,27,0.0,13.0,9.0,
0029600157,00,1610612747,LAL,Los Angeles,46,16,11,15,6,5,0.0,18.0,4.0,,1610612759,SAS,San Antonio,52,17,6,6,1.0,22.0,9.0,
0029600156,00,1610612764,WAS,Washington,54,15,19,21,0,0,0.0,23.0,10.0,,1610612755,PHI,Philadelphia,38,10,11,0,0.0,26.0,6.0,
0029600160,00,1610612755,PHI,Philadelphia,32,12,10,17,9,10,1.0,18.0,14.0,,1610612752,NYK,New York,30,7,13,9,0.0,21.0,8.0,
0029600165,00,1610612746,LAC,Los Angeles,42,14,12,8,11,13,0.0,14.0,13.0,,1610612750,MIN,Minnesota,44,14,8,12,1.0,22.0,11.0,
0029600161,00,1610612766,CHH,Charlotte,24,7,10,0,3,10,0.0,11.0,9.0,0.0,1610612765,DET,Detroit,26,12,7,7,2.0,13.0,9.0,0.0
0029600168,00,1610612757,POR,Portland,52,17,13,40,0,0,2.0,23.0,12.0,,1610612743,DEN,Denver,24,8,12,0,0.0,17.0,14.0,
0029600167,00,1610612745,HOU,Houston,48,17,8,9,5,9,2.0,15.0,13.0,,1610612744,GSW,Golden State,42,1,4,16,1.0,21.0,5.0,
0029600159,00,1610612742,DAL,Dallas,46,11,10,2,3,1,1.0,18.0,13.0,,1610612751,NJN,New Jersey,48,18,16,29,0.0,16.0,7.0,
0029600166,00,1610612762,UTA,Utah,48,9,18,11,8,11,0.0,9.0,5.0,,1610612741,CHI,Chicago,26,11,4,6,0.0,11.0,6.0,
0029600164,00,1610612749,MIL,Milwaukee,48,20,14,12,10,3,0.0,17.0,11.0,,1610612764,WAS,Washington,56,12,18,7,0.0,8.0,10.0,
0029600169,00,1610612738,BOS,Boston,32,8,15,25,0,5,0.0,21.0,12.0,,1610612742,DAL,Dallas,54,14,19,0,1.0,19.0,13.0,
0029600170,00,1610612752,NYK,New York,26,13,7,5,15,10,0.0,21.0,4.0,,1610612760,SEA,Seattle,34,16,10,22,0.0,15.0,7.0,
0029600174,00,1610612759,SAS,San Antonio,42,11,4,9,1,4,0.0,18.0,9.0,,1610612763,VAN,Vancouver,40,7,14,13,0.0,11.0,9.0,
0029600171,00,1610612758,SAC,Sacramento,24,6,5,3,8,4,0.0,14.0,7.0,,1610612739,CLE,Cleveland,50,17,4,29,0.0,11.0,6.0,
0029600178,00,1610612746,LAC,Los Angeles,30,17,2,11,1,4,2.0,16.0,8.0,,1610612741,CHI,Chicago,22,17,8,11,1.0,14.0,11.0,
0029600175,00,1610612764,WAS,Washington,36,7,16,24,0,0,1.0,14.0,10.0,,1610612750,MIN,Minnesota,42,15,22,0,1.0,22.0,8.0,
0029600176,00,1610612753,ORL,Orlando,36,15,4,6,15,7,0.0,12.0,9.0,,1610612749,MIL,Milwaukee,50,19,9,14,0.0,13.0,8.0,
0029600177,00,1610612751,NJN,New Jersey,22,18,4,0,0,0,0.0,13.0,10.0,,1610612762,UTA,Utah,58,13,29,34,1.0,20.0,8.0,
0029600186,00,1610612744,GSW,Golden State,42,16,6,7,10,4,0.0,14.0,7.0,,1610612748,MIA,Miami,40,12,4,22,0.0,16.0,10.0,
0029600180,00,1610612760,SEA,Seattle,44,14,12,9,6,5,0.0,16.0,6.0,,1610612766,CHH,Charlotte,32,15,18,0,1.0,13.0,7.0,
0029600179,00,1610612747,LAL,Los Angeles,44,21,11,12,14,9,2.0,20.0,12.0,,1610612755,PHI,Philadelphia,44,25,21,12,2.0,23.0,6.0,
0029600184,00,1610612745,HOU,Houston,46,15,12,4,11,17,0.0,17.0,11.0,,1610612757,POR,Portland,28,16,8,19,0.0,22.0,6.0,
0029600183,00,1610612759,SAS,San Antonio,40,23,9,2,4,4,3.0,14.0,13.0,,1610612742,DAL,Dallas,36,8,14,9,0.0,11.0,6.0,
0029600185,00,1610612756,PHX,Phoenix,40,16,19,3,10,16,0.0,12.0,8.0,,1610612743,DEN,Denver,40,15,21,16,0.0,19.0,9.0,
0029600181,00,1610612763,VAN,Vancouver,36,10,6,0,0,0,2.0,13.0,4.0,,1610612737,ATL,Atlanta,46,13,8,22,1.0,16.0,10.0,
0029600194,00,1610612743,DEN,Denver,26,8,10,36,7,5,1.0,20.0,6.0,,1610612762,UTA,Utah,50,23,14,4,0.0,11.0,5.0,
0029600188,00,1610612737,ATL,Atlanta,42,4,9,11,4,3,1.0,11.0,5.0,0.0,1610612753,ORL,Orlando,36,17,2,5,2.0,13.0,8.0,0.0
0029600189,00,1610612766,CHH,Charlotte,32,16,18,0,13,10,0.0,17.0,13.0,,1610612761,TOR,Toronto,32,17,17,10,1.0,13.0,8.0,
0029600191,00,1610612749,MIL,Milwaukee,30,6,6,18,2,1,1.0,14.0,8.0,,1610612739,CLE,Cleveland,38,6,10,1,0.0,15.0,9.0,
0029600190,00,1610612763,VAN,Vancouver,26,14,4,7,8,5,3.0,10.0,11.0,,1610612765,DET,Detroit,24,19,4,16,0.0,17.0,9.0,
0029600196,00,1610612748,MIA,Miami,50,10,14,28,0,0,1.0,17.0,3.0,,1610612746,LAC,Los Angeles,40,15,9,0,1.0,18.0,6.0,
0029600195,00,1610612751,NJN,New Jersey,34,18,10,4,2,5,0.0,12.0,12.0,,1610612756,PHX,Phoenix,44,18,12,24,0.0,17.0,13.0,
0029600192,00,1610612750,MIN,Minnesota,36,20,12,2,4,6,2.0,18.0,15.0,,1610612760,SEA,Seattle,42,10,19,19,0.0,18.0,9.0,
0029600193,00,1610612759,SAS,San Antonio,60,10,24,4,15,12,0.0,11.0,7.0,,1610612757,POR,Portland,58,24,8,13,1.0,14.0,11.0,
0029600198,00,1610612751,NJN,New Jersey,50,24,2,9,13,15,1.0,9.0,13.0,,1610612744,GSW,Golden State,40,23,2,8,0.0,9.0,10.0,
0029600207,00,1610612757,POR,Portland,48,24,20,28,3,2,0.0,16.0,9.0,,1610612744,GSW,Golden State,36,11,10,7,1.0,14.0,11.0,
0029600203,00,1610612754,IND,Indiana,42,9,19,14,11,11,1.0,19.0,8.0,,1610612763,VAN,Vancouver,28,6,14,2,0.0,10.0,7.0,
0029600205,00,1610612743,DEN,Denver,38,14,10,5,9,6,1.0,20.0,12.0,,1610612750,MIN,Minnesota,24,13,9,12,0.0,16.0,12.0,
0029600206,00,1610612746,LAC,Los Angeles,34,10,4,3,6,2,1.0,18.0,5.0,,1610612762,UTA,Utah,42,10,16,20,1.0,17.0,9.0,
0029600208,00,1610612756,PHX,Phoenix,38,12,6,6,5,8,1.0,19.0,2.0,,1610612760,SEA,Seattle,50,7,11,15,1.0,14.0,11.0,
0029600204,00,1610612742,DAL,Dallas,60,22,25,0,0,3,0.0,12.0,6.0,,1610612741,CHI,Chicago,36,18,6,21,0.0,16.0,6.0,
0029600200,00,1610612753,ORL,Orlando,48,18,14,0,0,0,0.0,16.0,6.0,,1610612755,PHI,Philadelphia,44,15,25,12,1.0,17.0,9.0,
0029600199,00,1610612745,HOU,Houston,48,15,10,31,2,5,0.0,19.0,10.0,,1610612738,BOS,Boston,44,15,13,2,0.0,9.0,5.0,
0029600201,00,1610612737,ATL,Atlanta,36,18,2,34,0,1,0.0,18.0,6.0,,1610612764,WAS,Washington,28,13,2,0,0.0,24.0,10.0,
0029600212,00,1610612738,BOS,Boston,28,13,6,3,11,14,1.0,9.0,6.0,,1610612748,MIA,Miami,36,14,7,9,0.0,19.0,5.0,
0029600210,00,1610612755,PHI,Philadelphia,52,14,19,23,2,1,1.0,25.0,7.0,,1610612763,VAN,Vancouver,28,12,11,1,4.0,22.0,15.0,
0029600217,00,1610612746,LAC,Los Angeles,46,22,14,10,10,6,0.0,25.0,13.0,,1610612751,NJN,New Jersey,42,17,7,13,2.0,30.0,14.0,
0029600214,00,1610612749,MIL,Milwaukee,34,7,11,16,3,6,0.0,18.0,8.0,,1610612766,CHH,Charlotte,32,8,21,0,0.0,16.0,3.0,
0029600213,00,1610612753,ORL,Orlando,24,13,3,16,0,2,0.0,26.0,7.0,0.0,1610612739,CLE,Cleveland,36,10,8,0,0.0,16.0,10.0,0.0
0029600209,00,1610612752,NYK,New York,64,23,10,14,9,3,1.0,10.0,8.0,,1610612758,SAC,Sacramento,44,8,8,4,0.0,13.0,11.0,
0029600216,00,1610612759,SAS,San Antonio,50,13,12,10,4,4,1.0,17.0,8.0,,1610612741,CHI,Chicago,26,14,6,14,0.0,10.0,10.0,
0029600215,00,1610612750,MIN,Minnesota,28,14,4,11,6,3,1.0,19.0,8.0,,1610612761,TOR,Toronto,26,7,10,5,1.0,20.0,7.0,
0029600220,00,1610612757,POR,Portland,24,7,6,0,0,0,0.0,18.0,11.0,,1610612744,GSW,Golden State,22,22,6,34,2.0,20.0,10.0,
0029600219,00,1610612743,DEN,Denver,30,13,11,0,0,0,0.0,18.0,8.0,,1610612747,LAL,Los Angeles,54,14,11,26,0.0,18.0,15.0,
0029600218,00,1610612758,SAC,Sacramento,26,6,10,2,3,5,1.0,14.0,8.0,,1610612765,DET,Detroit,42,11,15,35,0.0,20.0,10.0,
0029600224,00,1610612766,CHH,Charlotte,26,16,6,0,0,2,0.0,16.0,8.0,,1610612762,UTA,Utah,62,11,16,17,0.0,15.0,11.0,
0029600222,00,1610612753,ORL,Orlando,46,19,18,9,15,13,2.0,21.0,10.0,,1610612742,DAL,Dallas,58,12,26,8,0.0,15.0,7.0,
0029600223,00,1610612745,HOU,Houston,40,7,10,8,1,1,1.0,16.0,11.0,,1610612761,TOR,Toronto,32,12,31,18,0.0,14.0,11.0,
0029600233,00,1610612757,POR,Portland,46,23,4,2,3,6,1.0,16.0,15.0,,1610612754,IND,Indiana,26,12,10,18,1.0,19.0,13.0,
0029600232,00,1610612743,DEN,Denver,30,22,10,2,1,2,1.0,19.0,12.0,,1610612744,GSW,Golden State,40,14,7,23,0.0,14.0,7.0,
0029600227,00,1610612739,CLE,Cleveland,46,10,15,25,1,1,0.0,10.0,6.0,,1610612761,TOR,Toronto,30,8,10,2,1.0,16.0,10.0,
0029600225,00,1610612748,MIA,Miami,26,23,7,24,0,1,2.0,23.0,10.0,,1610612752,NYK,New York,34,11,17,0,1.0,13.0,8.0,
0029600231,00,1610612747,LAL,Los Angeles,48,17,11,9,5,10,1.0,13.0,13.0,,1610612760,SEA,Seattle,44,23,18,9,0.0,13.0,10.0,
0029600230,00,1610612746,LAC,Los Angeles,36,10,14,7,7,7,2.0,14.0,12.0,,1610612766,CHH,Charlotte,46,11,4,0,2.0,19.0,7.0,
0029600229,00,1610612758,SAC,Sacramento,42,20,10,11,3,1,0.0,9.0,15.0,,1610612750,MIN,Minnesota,38,16,10,4,0.0,17.0,12.0,
0029600237,00,1610612737,ATL,Atlanta,28,10,13,6,12,5,0.0,10.0,10.0,,1610612765,DET,Detroit,26,9,20,12,1.0,13.0,6.0,
0029600238,00,1610612745,HOU,Houston,52,25,14,9,15,15,0.0,25.0,12.0,,1610612738,BOS,Boston,44,19,13,6,0.0,15.0,7.0,
0029600242,00,1610612754,IND,Indiana,46,18,15,47,1,2,2.0,16.0,8.0,,1610612763,VAN,Vancouver,42,13,21,4,0.0,17.0,7.0,
0029600236,00,1610612748,MIA,Miami,36,11,8,26,4,3,1.0,18.0,10.0,,1610612742,DAL,Dallas,44,14,2,3,1.0,20.0,5.0,
0029600235,00,1610612739,CLE,Cleveland,34,13,8,28,0,0,2.0,16.0,8.0,,1610612753,ORL,Orlando,16,8,6,0,0.0,22.0,7.0,
0029600234,00,1610612752,NYK,New York,34,10,13,8,17,18,0.0,17.0,17.0,,1610612751,NJN,New Jersey,50,9,16,12,1.0,21.0,5.0,
0029600240,00,1610612747,LAL,Los Angeles,30,20,2,3,6,7,0.0,14.0,11.0,,1610612762,UTA,Utah,38,13,11,31,0.0,16.0,7.0,
0029600239,00,1610612755,PHI,Philadelphia,48,11,17,4,11,9,0.0,16.0,11.0,,1610612759,SAS,San Antonio,44,10,19,16,1.0,15.0,11.0,
0029600241,00,1610612756,PHX,Phoenix,42,16,27,31,1,0,0.0,16.0,13.0,,1610612744,GSW,Golden State,34,12,17,4,0.0,13.0,5.0,
0029600244,00,1610612746,LAC,Los Angeles,40,23,6,3,2,2,1.0,19.0,4.0,,1610612741,CHI,Chicago,58,13,15,19,0.0,10.0,5.0,
0029600246,00,1610612743,DEN,Denver,18,0,0,6,9,9,0.0,12.0,9.0,,1610612757,POR,Portland,36,20,15,14,1.0,12.0,11.0,
0029600245,00,1610612742,DAL,Dallas,54,12,23,9,16,16,0.0,9.0,11.0,,1610612755,PHI,Philadelphia,42,19,6,8,0.0,18.0,9.0,
0029600249,00,1610612748,MIA,Miami,32,16,4,11,9,4,0.0,16.0,8.0,,1610612752,NYK,New York,38,21,8,20,0.0,14.0,13.0,
0029600251,00,1610612759,SAS,San Antonio,54,13,12,5,13,8,1.0,13.0,8.0,,1610612763,VAN,Vancouver,40,16,8,16,0.0,12.0,14.0,
0029600252,00,1610612762,UTA,Utah,36,12,19,12,8,2,0.0,12.0,4.0,,1610612750,MIN,Minnesota,36,11,7,13,0.0,16.0,6.0,
0029600248,00,1610612738,BOS,Boston,70,16,22,18,11,11,0.0,16.0,13.0,0.0,1610612751,NJN,New Jersey,62,10,19,6,0.0,20.0,7.0,0.0
0029600254,00,1610612744,GSW,Golden State,30,10,8,3,13,10,2.0,17.0,10.0,,1610612754,IND,Indiana,36,20,11,20,0.0,20.0,11.0,
0029600250,00,1610612765,DET,Detroit,36,2,9,12,7,11,0.0,6.0,8.0,,1610612739,CLE,Cleveland,26,8,9,8,1.0,13.0,2.0,
0029600255,00,1610612756,PHX,Phoenix,40,10,14,13,8,4,0.0,23.0,9.0,,1610612758,SAC,Sacramento,56,14,13,6,1.0,20.0,5.0,
0029600263,00,1610612745,HOU,Houston,46,11,22,19,6,4,1.0,15.0,11.0,,1610612755,PHI,Philadelphia,32,20,10,2,1.0,15.0,9.0,
0029600257,00,1610612746,LAC,Los Angeles,34,10,9,7,2,2,3.0,15.0,17.0,,1610612752,NYK,New York,50,27,6,23,0.0,21.0,6.0,
0029600260,00,1610612737,ATL,Atlanta,52,10,6,26,8,4,0.0,19.0,13.0,,1610612761,TOR,Toronto,36,12,2,6,3.0,23.0,13.0,
0029600261,00,1610612741,CHI,Chicago,18,4,3,4,9,12,1.0,11.0,5.0,,1610612748,MIA,Miami,32,20,7,11,0.0,8.0,9.0,
0029600262,00,1610612742,DAL,Dallas,48,7,16,16,7,11,1.0,20.0,8.0,,1610612763,VAN,Vancouver,22,15,16,7,0.0,14.0,8.0,
0029600258,00,1610612751,NJN,New Jersey,32,10,4,6,5,4,0.0,20.0,9.0,,1610612765,DET,Detroit,42,19,6,30,0.0,11.0,9.0,
0029600270,00,1610612747,LAL,Los Angeles,58,15,11,29,0,0,0.0,18.0,6.0,,1610612750,MIN,Minnesota,44,22,5,0,0.0,24.0,9.0,
0029600267,00,1610612746,LAC,Los Angeles,22,11,6,5,13,6,1.0,17.0,11.0,,1610612739,CLE,Cleveland,40,10,17,21,0.0,11.0,9.0,
0029600268,00,1610612749,MIL,Milwaukee,66,26,24,14,8,4,2.0,18.0,11.0,,1610612738,BOS,Boston,42,9,17,4,1.0,19.0,6.0,
0029600266,00,1610612761,TOR,Toronto,46,14,19,9,13,12,0.0,14.0,13.0,,1610612741,CHI,Chicago,20,14,22,13,0.0,12.0,10.0,
0029600272,00,1610612753,ORL,Orlando,28,2,9,0,0,0,0.0,19.0,3.0,,1610612758,SAC,Sacramento,50,8,22,22,0.0,15.0,15.0,
0029600271,00,1610612744,GSW,Golden State,54,12,8,29,10,6,2.0,17.0,4.0,,1610612759,SAS,San Antonio,44,19,4,5,0.0,16.0,15.0,
0029600269,00,1610612756,PHX,Phoenix,34,20,21,25,0,0,1.0,15.0,10.0,,1610612754,IND,Indiana,30,15,8,0,1.0,14.0,11.0,
0029600273,00,1610612755,PHI,Philadelphia,44,14,12,2,5,4,0.0,20.0,7.0,,1610612760,SEA,Seattle,74,17,21,25,0.0,12.0,9.0,
0029600274,00,1610612763,VAN,Vancouver,42,11,21,15,8,5,1.0,18.0,5.0,,1610612766,CHH,Charlotte,50,12,14,0,1.0,11.0,6.0,
0029600279,00,1610612765,DET,Detroit,24,11,4,11,5,1,0.0,6.0,8.0,,1610612749,MIL,Milwaukee,36,10,9,6,2.0,14.0,5.0,
0029600281,00,1610612762,UTA,Utah,40,13,15,27,6,1,0.0,19.0,9.0,,1610612754,IND,Indiana,26,10,8,1,1.0,14.0,8.0,
0029600283,00,1610612742,DAL,Dallas,44,14,10,11,10,8,0.0,13.0,9.0,,1610612746,LAC,Los Angeles,36,4,15,14,0.0,17.0,4.0,
0029600275,00,1610612764,WAS,Washington,30,8,12,6,3,4,0.0,21.0,13.0,,1610612752,NYK,New York,48,18,8,17,1.0,20.0,5.0,
0029600284,00,1610612758,SAC,Sacramento,32,6,12,5,4,4,1.0,19.0,8.0,,1610612747,LAL,Los Angeles,50,9,12,12,0.0,14.0,6.0,
0029600280,00,1610612745,HOU,Houston,62,8,20,8,9,11,1.0,15.0,16.0,,1610612750,MIN,Minnesota,30,16,12,9,0.0,10.0,9.0,
0029600278,00,1610612739,CLE,Cleveland,38,4,9,3,5,5,2.0,14.0,9.0,,1610612748,MIA,Miami,24,12,8,14,1.0,15.0,12.0,
0029600287,00,1610612751,NJN,New Jersey,42,16,18,19,11,3,0.0,21.0,3.0,,1610612760,SEA,Seattle,54,11,28,6,0.0,15.0,8.0,
0029600290,00,1610612766,CHH,Charlotte,48,16,12,0,9,10,0.0,18.0,13.0,,1610612743,DEN,Denver,30,9,9,4,0.0,11.0,5.0,
0029600291,00,1610612750,MIN,Minnesota,38,13,5,2,6,7,1.0,19.0,9.0,,1610612741,CHI,Chicago,26,18,13,28,0.0,14.0,3.0,
0029600298,00,1610612758,SAC,Sacramento,32,12,14,19,1,2,1.0,17.0,8.0,,1610612742,DAL,Dallas,50,14,6,2,0.0,15.0,6.0,
0029600294,00,1610612749,MIL,Milwaukee,28,10,16,9,11,6,2.0,18.0,10.0,,1610612760,SEA,Seattle,52,19,25,8,0.0,17.0,11.0,
0029600293,00,1610612752,NYK,New York,44,20,15,23,17,3,1.0,22.0,6.0,,1610612744,GSW,Golden State,26,13,3,6,0.0,15.0,10.0,
0029600299,00,1610612757,POR,Portland,50,18,14,23,2,3,1.0,17.0,11.0,,1610612763,VAN,Vancouver,38,10,14,3,0.0,14.0,11.0,
0029600296,00,1610612756,PHX,Phoenix,26,11,11,11,10,5,1.0,20.0,3.0,,1610612762,UTA,Utah,38,8,14,3,0.0,20.0,4.0,
0029600301,00,1610612743,DEN,Denver,26,13,13,11,12,7,2.0,17.0,12.0,,1610612764,WAS,Washington,50,16,18,7,0.0,10.0,6.0,
0029600303,00,1610612744,GSW,Golden State,30,14,5,8,10,10,0.0,22.0,4.0,,1610612739,CLE,Cleveland,40,20,6,16,3.0,17.0,10.0,
0029600302,00,1610612766,CHH,Charlotte,54,17,6,0,12,6,1.0,12.0,11.0,,1610612755,PHI,Philadelphia,30,11,6,7,0.0,15.0,7.0,
0029600307,00,1610612763,VAN,Vancouver,54,23,6,13,4,4,1.0,12.0,13.0,,1610612753,ORL,Orlando,36,19,12,3,0.0,23.0,7.0,
0029600300,00,1610612751,NJN,New Jersey,44,13,19,0,0,1,0.0,19.0,5.0,,1610612741,CHI,Chicago,22,8,16,28,0.0,19.0,13.0,
0029600305,00,1610612750,MIN,Minnesota,34,18,6,7,14,13,1.0,13.0,5.0,,1610612756,PHX,Phoenix,42,12,13,8,0.0,21.0,8.0,
0029600310,00,1610612737,ATL,Atlanta,48,11,11,27,2,0,0.0,11.0,7.0,,1610612755,PHI,Philadelphia,36,13,2,1,0.0,15.0,10.0,
0029600308,00,1610612743,DEN,Denver,22,12,2,9,14,10,4.0,15.0,9.0,,1610612752,NYK,New York,32,17,14,7,1.0,14.0,8.0,
0029600311,00,1610612741,CHI,Chicago,26,12,10,5,15,13,1.0,11.0,7.0,,1610612766,CHH,Charlotte,38,6,8,0,0.0,22.0,7.0,
0029600315,00,1610612753,ORL,Orlando,24,11,2,0,0,1,2.0,17.0,6.0,,1610612762,UTA,Utah,48,17,22,38,0.0,16.0,9.0,
0029600317,00,1610612745,HOU,Houston,36,15,13,18,1,0,0.0,17.0,10.0,,1610612760,SEA,Seattle,40,18,13,2,0.0,16.0,7.0,
0029600313,00,1610612750,MIN,Minnesota,18,12,0,10,1,0,0.0,12.0,13.0,,1610612739,CLE,Cleveland,32,12,0,10,1.0,8.0,4.0,
0029600309,00,1610612748,MIA,Miami,40,16,9,14,4,1,1.0,18.0,11.0,,1610612761,TOR,Toronto,46,21,6,1,1.0,14.0,5.0,
0029600312,00,1610612751,NJN,New Jersey,52,21,28,5,9,2,0.0,14.0,7.0,,1610612749,MIL,Milwaukee,50,14,22,15,0.0,14.0,7.0,
0029600319,00,1610612756,PHX,Phoenix,50,12,27,21,1,1,0.0,11.0,5.0,,1610612763,VAN,Vancouver,48,8,10,7,1.0,16.0,11.0,
0029600318,00,1610612765,DET,Detroit,40,6,10,17,6,6,1.0,16.0,10.0,,1610612738,BOS,Boston,26,13,8,2,0.0,18.0,4.0,
0029600321,00,1610612757,POR,Portland,42,11,12,5,12,8,1.0,12.0,11.0,,1610612745,HOU,Houston,38,0,14,12,2.0,19.0,11.0,
0029600320,00,1610612764,WAS,Washington,48,5,12,17,14,8,0.0,18.0,7.0,,1610612744,GSW,Golden State,38,17,4,10,0.0,24.0,15.0,
0029600325,00,1610612758,SAC,Sacramento,46,9,10,2,15,9,3.0,18.0,8.0,,1610612764,WAS,Washington,54,21,16,14,0.0,21.0,9.0,
0029600322,00,1610612749,MIL,Milwaukee,50,27,11,16,2,3,0.0,19.0,8.0,,1610612738,BOS,Boston,48,15,16,2,1.0,12.0,9.0,
0029600324,00,1610612746,LAC,Los Angeles,58,13,14,9,17,5,1.0,12.0,6.0,,1610612756,PHX,Phoenix,56,24,8,7,0.0,11.0,12.0,
0029600329,00,1610612748,MIA,Miami,42,17,7,2,8,3,1.0,20.0,8.0,,1610612754,IND,Indiana,48,17,12,17,1.0,18.0,3.0,
0029600331,00,1610612737,ATL,Atlanta,26,13,14,38,2,5,0.0,15.0,9.0,,1610612742,DAL,Dallas,28,14,21,3,1.0,17.0,7.0,
0029600330,00,1610612741,CHI,Chicago,40,20,5,6,1,9,0.0,12.0,6.0,,1610612747,LAL,Los Angeles,58,12,17,22,0.0,15.0,15.0,
0029600328,00,1610612755,PHI,Philadelphia,56,24,8,10,10,7,1.0,17.0,12.0,,1610612766,CHH,Charlotte,44,14,15,0,0.0,11.0,9.0,
0029600326,00,1610612762,UTA,Utah,32,14,4,6,6,14,2.0,18.0,11.0,,1610612752,NYK,New York,30,6,14,10,0.0,17.0,4.0,
0029600327,00,1610612751,NJN,New Jersey,50,21,14,2,3,0,1.0,11.0,10.0,,1610612761,TOR,Toronto,38,10,8,18,0.0,22.0,16.0,
0029600338,00,1610612758,SAC,Sacramento,30,16,6,5,1,0,0.0,12.0,8.0,,1610612743,DEN,Denver,22,11,9,16,2.0,11.0,11.0,
0029600336,00,1610612752,NYK,New York,34,11,13,4,6,2,0.0,23.0,3.0,,1610612765,DET,Detroit,24,13,6,39,0.0,7.0,8.0,
0029600337,00,1610612747,LAL,Los Angeles,56,8,19,8,7,6,0.0,17.0,8.0,,1610612749,MIL,Milwaukee,48,16,18,13,0.0,18.0,9.0,
0029600340,00,1610612744,GSW,Golden State,52,16,16,29,1,2,1.0,16.0,12.0,,1610612750,MIN,Minnesota,30,16,4,6,1.0,13.0,9.0,
0029600334,00,1610612753,ORL,Orlando,36,12,7,11,18,11,2.0,19.0,5.0,,1610612754,IND,Indiana,38,16,19,9,1.0,16.0,9.0,
0029600335,00,1610612751,NJN,New Jersey,28,16,9,11,7,7,1.0,19.0,13.0,,1610612739,CLE,Cleveland,38,11,10,25,3.0,15.0,4.0,
0029600346,00,1610612746,LAC,Los Angeles,42,6,14,2,3,3,0.0,21.0,4.0,,1610612764,WAS,Washington,62,4,8,17,1.0,23.0,6.0,
0029600342,00,1610612748,MIA,Miami,48,12,12,12,10,11,1.0,18.0,12.0,,1610612762,UTA,Utah,36,8,6,7,1.0,21.0,8.0,
0029600345,00,1610612745,HOU,Houston,40,16,13,13,5,5,1.0,16.0,10.0,,1610612759,SAS,San Antonio,46,17,12,22,0.0,14.0,13.0,
0029600344,00,1610612761,TOR,Toronto,50,16,29,11,9,9,0.0,10.0,8.0,,1610612749,MIL,Milwaukee,34,11,13,7,0.0,21.0,14.0,
0029600347,00,1610612750,MIN,Minnesota,30,16,13,3,7,4,0.0,13.0,9.0,,1610612758,SAC,Sacramento,30,18,10,10,1.0,16.0,12.0,
0029600343,00,1610612766,CHH,Charlotte,26,11,6,0,1,3,0.0,14.0,11.0,,1610612741,CHI,Chicago,16,25,13,25,0.0,9.0,7.0,
0029600354,00,1610612763,VAN,Vancouver,38,6,23,0,0,2,2.0,11.0,10.0,,1610612743,DEN,Denver,42,8,13,22,0.0,8.0,12.0,
0029600350,00,1610612762,UTA,Utah,40,5,19,7,5,4,2.0,16.0,7.0,,1610612753,ORL,Orlando,46,12,5,9,0.0,17.0,10.0,
0029600353,00,1610612765,DET,Detroit,32,26,12,11,4,6,1.0,14.0,8.0,,1610612754,IND,Indiana,28,7,8,6,2.0,18.0,11.0,
0029600352,00,1610612739,CLE,Cleveland,40,7,19,21,4,7,0.0,16.0,6.0,,1610612761,TOR,Toronto,38,11,8,6,0.0,19.0,11.0,
0029600355,00,1610612742,DAL,Dallas,28,8,9,1,2,2,2.0,14.0,11.0,,1610612757,POR,Portland,64,24,24,34,2.0,17.0,15.0,
0029600356,00,1610612760,SEA,Seattle,42,12,17,26,5,7,1.0,21.0,8.0,,1610612746,LAC,Los Angeles,34,15,14,6,2.0,23.0,5.0,
0029600359,00,1610612755,PHI,Philadelphia,50,16,14,7,18,6,0.0,22.0,12.0,,1610612741,CHI,Chicago,40,23,18,12,0.0,12.0,9.0,
0029600362,00,1610612747,LAL,Los Angeles,36,17,12,7,6,7,1.0,21.0,10.0,,1610612750,MIN,Minnesota,28,9,4,17,1.0,14.0,8.0,
0029600361,00,1610612749,MIL,Milwaukee,46,22,24,19,0,1,0.0,14.0,7.0,,1610612753,ORL,Orlando,38,15,21,0,0.0,14.0,7.0,
0029600363,00,1610612745,HOU,Houston,34,11,5,3,8,4,1.0,16.0,9.0,,1610612748,MIA,Miami,20,12,12,21,1.0,16.0,8.0,
0029600357,00,1610612765,DET,Detroit,28,7,8,2,4,1,0.0,15.0,10.0,,1610612752,NYK,New York,40,13,7,14,0.0,13.0,4.0,
0029600360,00,1610612737,ATL,Atlanta,34,21,2,6,9,6,1.0,10.0,4.0,,1610612766,CHH,Charlotte,38,17,12,0,1.0,13.0,15.0,
0029600366,00,1610612766,CHH,Charlotte,48,20,14,0,6,10,1.0,16.0,7.0,,1610612738,BOS,Boston,38,11,18,8,1.0,19.0,11.0,
0029600367,00,1610612739,CLE,Cleveland,34,13,15,10,17,12,1.0,17.0,4.0,,1610612762,UTA,Utah,40,6,6,4,0.0,18.0,10.0,
0029600371,00,1610612764,WAS,Washington,42,15,10,11,4,2,0.0,11.0,5.0,,1610612763,VAN,Vancouver,36,15,15,4,1.0,15.0,11.0,
0029600368,00,1610612761,TOR,Toronto,42,18,12,2,2,2,0.0,15.0,12.0,,1610612754,IND,Indiana,52,18,24,27,0.0,14.0,9.0,
0029600374,00,1610612741,CHI,Chicago,46,20,22,34,1,3,1.0,12.0,7.0,,1610612751,NJN,New Jersey,38,4,23,16,0.0,19.0,6.0,
0029600375,00,1610612750,MIN,Minnesota,32,7,19,12,9,4,0.0,10.0,3.0,,1610612762,UTA,Utah,50,10,2,7,2.0,14.0,8.0,
0029600380,00,1610612764,WAS,Washington,60,16,13,28,3,4,2.0,18.0,11.0,,1610612757,POR,Portland,46,8,14,7,0.0,14.0,14.0,
0029600377,00,1610612748,MIA,Miami,44,34,6,13,1,1,1.0,14.0,9.0,,1610612759,SAS,San Antonio,38,15,11,1,1.0,16.0,6.0,
0029600373,00,1610612739,CLE,Cleveland,30,7,4,0,0,4,0.0,14.0,7.0,,1610612753,ORL,Orlando,44,23,7,10,2.0,18.0,7.0,
0029600378,00,1610612756,PHX,Phoenix,58,21,21,9,18,9,0.0,12.0,12.0,,1610612743,DEN,Denver,40,10,20,8,0.0,15.0,15.0,
0029600372,00,1610612737,ATL,Atlanta,28,18,4,8,7,6,1.0,9.0,6.0,,1610612752,NYK,New York,24,21,9,9,0.0,16.0,10.0,
0029600376,00,1610612745,HOU,Houston,56,13,12,4,4,2,1.0,12.0,6.0,,1610612749,MIL,Milwaukee,34,6,13,13,0.0,10.0,4.0,
0029600381,00,1610612765,DET,Detroit,46,14,8,4,1,0,0.0,13.0,12.0,,1610612741,CHI,Chicago,40,34,10,18,0.0,11.0,9.0,
0029600389,00,1610612744,GSW,Golden State,44,10,32,20,8,9,0.0,17.0,5.0,,1610612742,DAL,Dallas,42,12,11,9,1.0,18.0,4.0,
0029600392,00,1610612763,VAN,Vancouver,36,14,13,0,0,2,1.0,17.0,7.0,,1610612758,SAC,Sacramento,60,24,17,28,0.0,16.0,7.0,
0029600387,00,1610612745,HOU,Houston,46,2,12,17,0,0,1.0,19.0,6.0,,1610612749,MIL,Milwaukee,30,6,13,0,0.0,16.0,8.0,
0029600390,00,1610612755,PHI,Philadelphia,56,10,14,30,6,1,0.0,12.0,6.0,,1610612743,DEN,Denver,48,15,12,1,0.0,23.0,7.0,
0029600383,00,1610612753,ORL,Orlando,22,13,5,1,4,1,1.0,14.0,8.0,,1610612748,MIA,Miami,52,10,23,22,1.0,15.0,5.0,
0029600391,00,1610612757,POR,Portland,32,12,6,19,6,6,2.0,22.0,8.0,,1610612762,UTA,Utah,38,10,14,5,0.0,16.0,10.0,
0029600384,00,1610612741,CHI,Chicago,34,27,8,3,12,14,0.0,11.0,9.0,,1610612737,ATL,Atlanta,32,24,0,9,1.0,12.0,7.0,
0029600386,00,1610612754,IND,Indiana,34,11,6,8,8,14,1.0,19.0,10.0,,1610612765,DET,Detroit,38,11,9,8,0.0,7.0,8.0,
0029600393,00,1610612760,SEA,Seattle,34,15,4,13,0,0,1.0,18.0,10.0,,1610612759,SAS,San Antonio,38,6,14,0,0.0,14.0,5.0,
0029600396,00,1610612766,CHH,Charlotte,44,11,6,0,0,0,2.0,14.0,11.0,,1610612748,MIA,Miami,26,18,6,18,1.0,12.0,6.0,
0029600399,00,1610612738,BOS,Boston,54,18,20,10,10,6,0.0,16.0,9.0,,1610612747,LAL,Los Angeles,44,23,12,11,0.0,15.0,17.0,
0029600397,00,1610612739,CLE,Cleveland,30,4,10,8,10,2,0.0,13.0,4.0,,1610612749,MIL,Milwaukee,36,2,6,11,1.0,14.0,5.0,
0029600395,00,1610612764,WAS,Washington,56,19,24,22,6,3,0.0,12.0,10.0,,1610612761,TOR,Toronto,28,5,8,8,1.0,20.0,5.0,
0029600394,00,1610612751,NJN,New Jersey,40,17,10,11,4,9,1.0,16.0,7.0,,1610612754,IND,Indiana,36,13,32,2,2.0,20.0,12.0,
0029600400,00,1610612753,ORL,Orlando,28,6,6,2,5,4,2.0,18.0,11.0,,1610612752,NYK,New York,40,15,7,18,1.0,20.0,7.0,
0029600405,00,1610612760,SEA,Seattle,44,11,22,2,10,6,0.0,17.0,7.0,,1610612742,DAL,Dallas,36,11,10,18,1.0,15.0,9.0,
0029600404,00,1610612750,MIN,Minnesota,36,19,2,9,14,16,2.0,18.0,8.0,,1610612743,DEN,Denver,22,14,6,9,1.0,21.0,15.0,
0029600401,00,1610612737,ATL,Atlanta,30,12,7,8,12,6,0.0,18.0,10.0,,1610612764,WAS,Washington,60,25,22,14,0.0,12.0,8.0,
0029600406,00,1610612745,HOU,Houston,46,20,15,14,2,1,1.0,15.0,7.0,,1610612744,GSW,Golden State,46,26,12,1,0.0,14.0,19.0,
0029600408,00,1610612738,BOS,Boston,38,15,14,3,3,3,0.0,21.0,12.0,,1610612758,SAC,Sacramento,60,11,38,41,0.0,10.0,10.0,
0029600407,00,1610612762,UTA,Utah,60,15,17,28,6,4,1.0,10.0,2.0,,1610612755,PHI,Philadelphia,36,19,8,6,1.0,21.0,10.0,
0029600402,00,1610612766,CHH,Charlotte,32,9,8,0,0,2,0.0,19.0,6.0,,1610612765,DET,Detroit,42,19,18,22,0.0,11.0,9.0,
0029600409,00,1610612756,PHX,Phoenix,38,15,13,15,7,7,0.0,15.0,4.0,,1610612763,VAN,Vancouver,50,5,6,3,1.0,16.0,7.0,
0029600413,00,1610612757,POR,Portland,50,17,16,35,0,0,1.0,20.0,6.0,,1610612759,SAS,San Antonio,40,16,9,0,1.0,24.0,15.0,
0029600412,00,1610612747,LAL,Los Angeles,60,15,16,17,14,16,1.0,14.0,9.0,,1610612755,PHI,Philadelphia,46,18,9,3,0.0,23.0,13.0,
0029600410,00,1610612754,IND,Indiana,36,17,14,8,1,7,2.0,26.0,12.0,,1610612751,NJN,New Jersey,38,15,21,10,2.0,14.0,9.0,
0029600423,00,1610612763,VAN,Vancouver,38,18,8,0,0,0,0.0,16.0,6.0,,1610612759,SAS,San Antonio,34,6,12,19,1.0,14.0,5.0,
0029600417,00,1610612765,DET,Detroit,30,20,11,20,7,9,0.0,12.0,11.0,,1610612753,ORL,Orlando,22,10,7,2,0.0,14.0,9.0,
0029600422,00,1610612746,LAC,Los Angeles,42,18,6,21,4,1,1.0,12.0,9.0,,1610612762,UTA,Utah,30,16,8,1,2.0,23.0,13.0,
0029600416,00,1610612739,CLE,Cleveland,24,13,7,33,4,1,0.0,11.0,14.0,,1610612750,MIN,Minnesota,24,9,4,4,0.0,20.0,5.0,
0029600414,00,1610612752,NYK,New York,46,12,13,16,5,3,0.0,22.0,8.0,,1610612751,NJN,New Jersey,40,16,7,7,1.0,19.0,13.0,
0029600420,00,1610612743,DEN,Denver,48,13,14,8,13,10,0.0,12.0,6.0,,1610612738,BOS,Boston,40,17,12,5,0.0,9.0,5.0,
0029600418,00,1610612754,IND,Indiana,30,16,12,14,4,3,0.0,11.0,6.0,,1610612741,CHI,Chicago,22,16,2,6,2.0,12.0,13.0,
0029600421,00,1610612758,SAC,Sacramento,36,16,4,0,0,0,0.0,16.0,8.0,,1610612756,PHX,Phoenix,44,10,20,27,0.0,12.0,8.0,
0029600425,00,1610612761,TOR,Toronto,46,13,17,5,6,6,0.0,14.0,9.0,,1610612753,ORL,Orlando,44,17,7,15,2.0,19.0,10.0,
0029600424,00,1610612752,NYK,New York,38,19,18,15,4,6,0.0,23.0,5.0,,1610612764,WAS,Washington,30,17,10,8,0.0,20.0,13.0,
0029600428,00,1610612739,CLE,Cleveland,42,20,7,16,5,5,0.0,19.0,8.0,,1610612756,PHX,Phoenix,50,7,8,3,0.0,20.0,8.0,
0029600432,00,1610612747,LAL,Los Angeles,44,15,8,13,3,8,0.0,8.0,7.0,,1610612758,SAC,Sacramento,40,16,15,8,0.0,16.0,15.0,
0029600431,00,1610612762,UTA,Utah,30,0,9,4,13,6,0.0,21.0,5.0,,1610612759,SAS,San Antonio,42,6,15,7,1.0,22.0,9.0,
0029600427,00,1610612742,DAL,Dallas,40,11,7,6,3,7,2.0,17.0,11.0,,1610612766,CHH,Charlotte,38,4,11,0,2.0,15.0,6.0,
0029600436,00,1610612754,IND,Indiana,40,14,12,13,4,6,1.0,17.0,3.0,,1610612756,PHX,Phoenix,40,7,11,12,1.0,12.0,6.0,
0029600441,00,1610612763,VAN,Vancouver,36,10,14,0,0,2,1.0,21.0,5.0,,1610612760,SEA,Seattle,48,11,15,19,1.0,13.0,4.0,
0029600434,00,1610612750,MIN,Minnesota,44,11,20,16,10,7,0.0,25.0,5.0,,1610612738,BOS,Boston,58,12,18,9,1.0,24.0,7.0,
0029600440,00,1610612755,PHI,Philadelphia,38,28,2,6,10,12,0.0,18.0,8.0,,1610612744,GSW,Golden State,56,18,10,16,0.0,19.0,6.0,
0029600438,00,1610612743,DEN,Denver,40,13,19,7,9,7,0.0,13.0,15.0,,1610612759,SAS,San Antonio,46,27,4,11,1.0,9.0,10.0,
0029600437,00,1610612741,CHI,Chicago,56,20,25,29,0,0,0.0,12.0,9.0,,1610612753,ORL,Orlando,34,12,8,0,0.0,10.0,8.0,
0029600435,00,1610612751,NJN,New Jersey,42,12,11,2,1,1,1.0,14.0,8.0,,1610612737,ATL,Atlanta,34,14,4,15,0.0,12.0,7.0,
0029600439,00,1610612747,LAL,Los Angeles,38,15,22,20,1,1,0.0,13.0,15.0,,1610612758,SAC,Sacramento,36,24,13,1,2.0,17.0,10.0,
0029600447,00,1610612742,DAL,Dallas,40,20,15,4,13,13,0.0,9.0,9.0,,1610612757,POR,Portland,50,6,22,10,0.0,17.0,4.0,
0029600442,00,1610612766,CHH,Charlotte,36,12,8,0,12,5,0.0,17.0,4.0,,1610612764,WAS,Washington,50,18,6,21,0.0,14.0,8.0,
0029600444,00,1610612739,CLE,Cleveland,34,20,4,19,3,2,1.0,14.0,14.0,,1610612754,IND,Indiana,48,11,19,2,0.0,14.0,4.0,
0029600449,00,1610612762,UTA,Utah,40,4,15,15,8,8,0.0,14.0,10.0,,1610612748,MIA,Miami,36,15,9,4,1.0,18.0,8.0,
0029600445,00,1610612765,DET,Detroit,56,20,29,47,0,2,1.0,21.0,6.0,,1610612761,TOR,Toronto,18,12,5,0,1.0,23.0,9.0,
0029600446,00,1610612750,MIN,Minnesota,38,11,18,7,3,7,1.0,15.0,7.0,,1610612749,MIL,Milwaukee,44,8,18,8,1.0,15.0,5.0,
0029600443,00,1610612737,ATL,Atlanta,34,6,16,19,4,6,0.0,14.0,10.0,,1610612752,NYK,New York,34,8,10,4,0.0,17.0,4.0,
0029600454,00,1610612747,LAL,Los Angeles,54,12,28,14,5,1,0.0,16.0,6.0,,1610612763,VAN,Vancouver,40,33,13,8,2.0,18.0,15.0,
0029600451,00,1610612752,NYK,New York,34,13,6,15,9,5,0.0,17.0,10.0,,1610612749,MIL,Milwaukee,40,5,6,4,1.0,18.0,10.0,
0029600452,00,1610612759,SAS,San Antonio,34,11,14,1,6,3,1.0,15.0,9.0,,1610612746,LAC,Los Angeles,24,24,0,10,1.0,16.0,18.0,
0029600450,00,1610612738,BOS,Boston,46,12,12,7,28,11,1.0,14.0,6.0,,1610612756,PHX,Phoenix,68,11,16,11,0.0,26.0,8.0,
0029600455,00,1610612741,CHI,Chicago,32,17,12,26,0,0,0.0,8.0,9.0,,1610612762,UTA,Utah,40,11,2,0,0.0,13.0,5.0,
0029600456,00,1610612744,GSW,Golden State,36,15,5,7,5,15,0.0,12.0,2.0,,1610612766,CHH,Charlotte,28,18,2,0,1.0,10.0,6.0,
0029600462,00,1610612746,LAC,Los Angeles,30,10,27,7,7,2,3.0,18.0,17.0,,1610612761,TOR,Toronto,32,17,30,14,0.0,16.0,5.0,
0029600466,00,1610612743,DEN,Denver,42,15,8,29,3,5,2.0,17.0,9.0,,1610612758,SAC,Sacramento,40,21,10,2,0.0,11.0,6.0,
0029600458,00,1610612742,DAL,Dallas,30,16,10,3,4,0,1.0,22.0,17.0,,1610612752,NYK,New York,50,9,36,41,0.0,20.0,6.0,
0029600459,00,1610612759,SAS,San Antonio,38,9,17,0,0,0,1.0,25.0,11.0,,1610612751,NJN,New Jersey,40,19,21,23,0.0,18.0,10.0,
0029600467,00,1610612748,MIA,Miami,24,17,12,3,9,9,1.0,22.0,11.0,,1610612760,SEA,Seattle,42,24,8,12,0.0,12.0,11.0,
0029600465,00,1610612750,MIN,Minnesota,28,17,9,9,5,2,0.0,11.0,5.0,,1610612745,HOU,Houston,38,18,21,11,2.0,17.0,8.0,
0029600460,00,1610612755,PHI,Philadelphia,40,13,14,6,1,3,0.0,12.0,11.0,,1610612753,ORL,Orlando,44,16,17,23,0.0,15.0,12.0,
0029600463,00,1610612749,MIL,Milwaukee,20,9,8,12,12,12,0.0,10.0,6.0,,1610612765,DET,Detroit,34,8,4,4,0.0,11.0,6.0,
0029600474,00,1610612766,CHH,Charlotte,38,13,28,0,2,2,1.0,16.0,12.0,,1610612747,LAL,Los Angeles,62,22,36,18,0.0,14.0,10.0,
0029600471,00,1610612745,HOU,Houston,22,21,2,11,11,10,1.0,23.0,8.0,,1610612739,CLE,Cleveland,20,9,9,8,1.0,18.0,7.0,
0029600476,00,1610612748,MIA,Miami,22,12,7,6,7,6,2.0,17.0,15.0,,1610612757,POR,Portland,32,18,7,10,0.0,18.0,16.0,
0029600472,00,1610612749,MIL,Milwaukee,32,4,0,9,25,19,1.0,16.0,14.0,,1610612762,UTA,Utah,50,20,26,7,0.0,18.0,5.0,
0029600475,00,1610612763,VAN,Vancouver,38,14,6,16,5,4,0.0,15.0,6.0,,1610612744,GSW,Golden State,42,20,2,11,0.0,17.0,8.0,
0029600473,00,1610612760,SEA,Seattle,48,21,9,11,14,6,0.0,6.0,11.0,,1610612743,DEN,Denver,32,10,12,6,1.0,13.0,10.0,
0029600469,00,1610612742,DAL,Dallas,50,9,21,23,9,6,1.0,16.0,9.0,,1610612755,PHI,Philadelphia,36,17,11,8,0.0,18.0,11.0,
0029600470,00,1610612764,WAS,Washington,52,22,20,5,12,17,2.0,20.0,9.0,,1610612756,PHX,Phoenix,40,8,19,11,1.0,19.0,7.0,
0029600468,00,1610612738,BOS,Boston,48,17,27,24,5,6,0.0,12.0,5.0,,1610612759,SAS,San Antonio,54,16,12,4,0.0,26.0,8.0,
0029600477,00,1610612750,MIN,Minnesota,52,20,6,9,9,17,0.0,19.0,8.0,,1610612751,NJN,New Jersey,40,22,10,8,2.0,18.0,8.0,
0029600479,00,1610612761,TOR,Toronto,36,19,15,16,9,6,0.0,18.0,10.0,,1610612762,UTA,Utah,52,10,20,7,1.0,16.0,5.0,
0029600487,00,1610612756,PHX,Phoenix,46,10,9,14,0,4,0.0,7.0,6.0,,1610612766,CHH,Charlotte,32,8,5,0,1.0,13.0,9.0,
0029600484,00,1610612759,SAS,San Antonio,20,11,16,2,1,4,1.0,12.0,11.0,,1610612765,DET,Detroit,22,14,8,24,2.0,15.0,6.0,
0029600485,00,1610612741,CHI,Chicago,58,28,27,18,9,3,0.0,8.0,7.0,,1610612749,MIL,Milwaukee,38,4,11,10,0.0,17.0,6.0,
0029600483,00,1610612764,WAS,Washington,62,10,16,18,8,8,0.0,23.0,14.0,,1610612746,LAC,Los Angeles,28,11,18,2,1.0,18.0,9.0,
0029600488,00,1610612748,MIA,Miami,38,14,18,5,7,4,0.0,14.0,14.0,,1610612747,LAL,Los Angeles,52,15,6,16,0.0,14.0,12.0,
0029600486,00,1610612743,DEN,Denver,32,18,20,6,15,7,1.0,15.0,11.0,,1610612754,IND,Indiana,36,11,8,28,1.0,17.0,7.0,
0029600481,00,1610612752,NYK,New York,50,11,9,13,15,10,0.0,24.0,11.0,,1610612738,BOS,Boston,42,15,17,7,2.0,15.0,11.0,
0029600482,00,1610612745,HOU,Houston,56,15,24,28,6,2,0.0,21.0,6.0,,1610612755,PHI,Philadelphia,38,17,21,5,0.0,13.0,12.0,
0029600495,00,1610612746,LAC,Los Angeles,38,22,7,15,5,4,1.0,21.0,9.0,,1610612750,MIN,Minnesota,38,17,19,5,1.0,12.0,5.0,
0029600490,00,1610612761,TOR,Toronto,36,15,13,42,1,1,1.0,21.0,12.0,,1610612751,NJN,New Jersey,40,20,18,2,2.0,20.0,9.0,
0029600496,00,1610612743,DEN,Denver,44,10,13,9,8,9,2.0,14.0,9.0,,1610612742,DAL,Dallas,44,15,11,8,0.0,15.0,8.0,
0029600491,00,1610612759,SAS,San Antonio,46,20,16,9,13,22,0.0,12.0,7.0,,1610612737,ATL,Atlanta,26,9,2,5,0.0,21.0,10.0,
0029600498,00,1610612758,SAC,Sacramento,30,20,8,10,16,17,1.0,22.0,14.0,,1610612763,VAN,Vancouver,46,19,15,12,0.0,17.0,11.0,
0029600494,00,1610612745,HOU,Houston,28,4,6,5,10,10,0.0,12.0,9.0,,1610612741,CHI,Chicago,38,16,9,27,1.0,9.0,6.0,
0029600493,00,1610612762,UTA,Utah,28,13,5,2,2,4,0.0,17.0,6.0,,1610612765,DET,Detroit,16,10,4,17,5.0,16.0,7.0,
0029600492,00,1610612739,CLE,Cleveland,26,10,5,2,1,3,0.0,18.0,11.0,,1610612764,WAS,Washington,54,12,15,21,2.0,19.0,6.0,
0029600500,00,1610612749,MIL,Milwaukee,54,23,28,27,4,5,0.0,15.0,10.0,,1610612744,GSW,Golden State,42,12,21,5,1.0,16.0,7.0,
0029600501,00,1610612758,SAC,Sacramento,46,20,8,7,13,13,0.0,15.0,1.0,,1610612766,CHH,Charlotte,40,6,15,0,0.0,16.0,8.0,
0029600503,00,1610612762,UTA,Utah,34,14,8,14,10,4,0.0,15.0,10.0,,1610612755,PHI,Philadelphia,52,9,11,1,2.0,18.0,10.0,
0029600502,00,1610612753,ORL,Orlando,40,15,2,6,10,5,1.0,16.0,5.0,,1610612751,NJN,New Jersey,50,7,18,12,1.0,14.0,4.0,
0029600507,00,1610612743,DEN,Denver,36,14,14,6,16,13,2.0,11.0,9.0,,1610612766,CHH,Charlotte,42,11,8,0,2.0,9.0,13.0,
0029600506,00,1610612756,PHX,Phoenix,36,14,22,26,3,2,0.0,18.0,7.0,,1610612742,DAL,Dallas,54,18,10,4,0.0,17.0,14.0,
0029600504,00,1610612748,MIA,Miami,42,14,13,22,1,5,1.0,17.0,14.0,,1610612764,WAS,Washington,52,12,9,7,0.0,15.0,12.0,
0029600505,00,1610612739,CLE,Cleveland,32,15,4,12,5,5,0.0,11.0,6.0,,1610612737,ATL,Atlanta,36,13,6,14,1.0,11.0,5.0,
0029600515,00,1610612765,DET,Detroit,32,12,10,0,0,0,1.0,9.0,6.0,,1610612757,POR,Portland,42,14,18,21,1.0,19.0,12.0,
0029600510,00,1610612764,WAS,Washington,54,9,10,9,12,7,1.0,16.0,6.0,,1610612741,CHI,Chicago,32,11,5,11,0.0,10.0,8.0,
0029600511,00,1610612745,HOU,Houston,34,9,9,25,2,0,1.0,22.0,1.0,,1610612752,NYK,New York,42,6,10,1,0.0,16.0,7.0,
0029600512,00,1610612756,PHX,Phoenix,64,18,11,10,5,5,0.0,13.0,10.0,,1610612743,DEN,Denver,40,18,8,12,0.0,16.0,13.0,
0029600513,00,1610612763,VAN,Vancouver,30,7,28,10,11,5,1.0,16.0,11.0,,1610612747,LAL,Los Angeles,54,19,22,12,2.0,19.0,16.0,
0029600508,00,1610612744,GSW,Golden State,64,14,11,7,5,9,0.0,21.0,7.0,,1610612738,BOS,Boston,44,14,21,13,1.0,23.0,13.0,
0029600509,00,1610612737,ATL,Atlanta,36,15,7,4,21,18,2.0,13.0,10.0,,1610612750,MIN,Minnesota,26,9,4,9,0.0,19.0,13.0,
0029600519,00,1610612742,DAL,Dallas,36,11,11,0,0,1,1.0,19.0,7.0,,1610612753,ORL,Orlando,34,4,10,16,1.0,19.0,8.0,
0029600523,00,1610612763,VAN,Vancouver,32,14,10,2,1,1,0.0,17.0,8.0,,1610612765,DET,Detroit,40,6,20,33,0.0,10.0,9.0,
0029600517,00,1610612751,NJN,New Jersey,38,18,13,13,16,14,0.0,17.0,15.0,,1610612766,CHH,Charlotte,60,17,17,0,0.0,14.0,10.0,
0029600522,00,1610612760,SEA,Seattle,42,13,26,45,4,1,0.0,18.0,13.0,,1610612761,TOR,Toronto,36,10,14,2,0.0,32.0,5.0,
0029600521,00,1610612754,IND,Indiana,50,19,16,22,10,9,4.0,13.0,7.0,,1610612746,LAC,Los Angeles,38,19,6,4,0.0,10.0,10.0,
0029600518,00,1610612741,CHI,Chicago,48,26,10,23,10,6,0.0,9.0,5.0,,1610612750,MIN,Minnesota,36,18,6,2,0.0,10.0,6.0,
0029600516,00,1610612755,PHI,Philadelphia,62,14,10,0,0,1,0.0,13.0,10.0,,1610612744,GSW,Golden State,58,22,10,25,0.0,14.0,12.0,
0029600520,00,1610612752,NYK,New York,30,25,11,21,1,1,1.0,17.0,11.0,,1610612759,SAS,San Antonio,24,8,8,9,2.0,15.0,8.0,
0029600524,00,1610612748,MIA,Miami,52,13,23,19,2,4,1.0,20.0,12.0,,1610612738,BOS,Boston,42,8,16,4,0.0,15.0,12.0,
0029600525,00,1610612753,ORL,Orlando,24,10,7,4,9,4,1.0,12.0,14.0,,1610612737,ATL,Atlanta,28,17,4,11,0.0,11.0,10.0,
0029600528,00,1610612756,PHX,Phoenix,32,7,17,12,3,4,0.0,24.0,8.0,,1610612762,UTA,Utah,38,10,16,11,0.0,15.0,8.0,
0029600534,00,1610612745,HOU,Houston,34,15,18,10,9,6,0.0,14.0,7.0,,1610612742,DAL,Dallas,34,7,10,10,0.0,17.0,8.0,
0029600538,00,1610612762,UTA,Utah,70,14,22,40,5,4,0.0,13.0,9.0,,1610612763,VAN,Vancouver,28,15,6,7,0.0,16.0,7.0,
0029600535,00,1610612758,SAC,Sacramento,20,20,5,2,1,3,0.0,17.0,12.0,,1610612759,SAS,San Antonio,36,10,17,30,2.0,14.0,9.0,
0029600533,00,1610612741,CHI,Chicago,44,12,30,27,0,0,0.0,11.0,5.0,,1610612749,MIL,Milwaukee,36,20,3,0,0.0,19.0,11.0,
0029600536,00,1610612757,POR,Portland,66,17,15,4,3,7,1.0,15.0,10.0,,1610612761,TOR,Toronto,60,15,15,14,0.0,7.0,7.0,
0029600537,00,1610612760,SEA,Seattle,52,20,13,18,7,1,0.0,10.0,8.0,,1610612739,CLE,Cleveland,30,13,8,3,1.0,16.0,11.0,
0029600531,00,1610612748,MIA,Miami,38,12,18,14,9,10,1.0,14.0,13.0,,1610612764,WAS,Washington,44,11,14,3,0.0,22.0,5.0,
0029600539,00,1610612764,WAS,Washington,52,12,11,11,9,6,1.0,23.0,6.0,,1610612738,BOS,Boston,68,4,28,13,0.0,15.0,6.0,
0029600541,00,1610612737,ATL,Atlanta,34,18,12,27,7,6,0.0,17.0,10.0,,1610612749,MIL,Milwaukee,32,14,4,5,0.0,25.0,8.0,
0029600542,00,1610612744,GSW,Golden State,32,10,21,13,2,6,2.0,16.0,7.0,,1610612750,MIN,Minnesota,46,21,18,19,1.0,18.0,8.0,
0029600544,00,1610612752,NYK,New York,36,12,7,15,13,7,0.0,16.0,5.0,,1610612756,PHX,Phoenix,48,15,4,9,0.0,12.0,6.0,
0029600545,00,1610612747,LAL,Los Angeles,42,18,18,9,26,11,0.0,13.0,11.0,,1610612765,DET,Detroit,50,20,11,3,0.0,10.0,7.0,
0029600540,00,1610612751,NJN,New Jersey,44,13,14,2,1,0,0.0,14.0,7.0,,1610612766,CHH,Charlotte,32,8,19,0,0.0,17.0,13.0,
0029600543,00,1610612742,DAL,Dallas,36,7,15,8,31,10,0.0,13.0,5.0,,1610612743,DEN,Denver,28,19,12,5,0.0,17.0,9.0,
0029600547,00,1610612755,PHI,Philadelphia,34,28,7,2,3,4,1.0,10.0,12.0,,1610612754,IND,Indiana,46,6,17,25,0.0,8.0,12.0,
0029600549,00,1610612746,LAC,Los Angeles,36,7,11,8,2,7,1.0,13.0,10.0,,1610612739,CLE,Cleveland,52,14,7,10,0.0,14.0,12.0,
0029600551,00,1610612763,VAN,Vancouver,56,17,25,14,0,0,2.0,17.0,13.0,,1610612761,TOR,Toronto,46,18,10,0,1.0,13.0,7.0,
0029600548,00,1610612741,CHI,Chicago,34,19,6,3,3,4,2.0,14.0,5.0,,1610612745,HOU,Houston,36,9,13,18,1.0,13.0,9.0,
0029600546,00,1610612753,ORL,Orlando,38,8,10,17,1,1,0.0,13.0,8.0,,1610612748,MIA,Miami,36,6,15,11,1.0,21.0,5.0,
0029600550,00,1610612757,POR,Portland,36,8,5,7,20,8,0.0,16.0,10.0,,1610612762,UTA,Utah,24,16,7,11,1.0,13.0,13.0,
0029600553,00,1610612749,MIL,Milwaukee,62,23,20,17,6,5,0.0,11.0,7.0,,1610612755,PHI,Philadelphia,56,17,20,5,2.0,11.0,10.0,
0029600552,00,1610612764,WAS,Washington,28,8,2,0,0,1,0.0,17.0,13.0,,1610612752,NYK,New York,44,15,9,24,1.0,13.0,6.0,
0029600556,00,1610612743,DEN,Denver,48,15,13,29,0,0,1.0,11.0,10.0,,1610612751,NJN,New Jersey,46,11,15,0,0.0,9.0,12.0,
0029600560,00,1610612760,SEA,Seattle,54,17,8,16,3,1,0.0,16.0,8.0,,1610612763,VAN,Vancouver,34,12,6,2,0.0,19.0,9.0,
0029600557,00,1610612739,CLE,Cleveland,20,11,6,2,5,3,2.0,19.0,11.0,,1610612762,UTA,Utah,40,6,18,30,2.0,19.0,12.0,
0029600554,00,1610612766,CHH,Charlotte,36,24,7,0,0,1,0.0,8.0,4.0,,1610612737,ATL,Atlanta,40,13,2,18,0.0,7.0,8.0,
0029600558,00,1610612756,PHX,Phoenix,38,14,10,7,4,3,0.0,14.0,8.0,,1610612765,DET,Detroit,26,12,5,15,1.0,14.0,5.0,
0029600561,00,1610612764,WAS,Washington,60,13,26,9,16,10,0.0,16.0,10.0,,1610612753,ORL,Orlando,48,15,12,8,1.0,16.0,7.0,
0029600566,00,1610612749,MIL,Milwaukee,38,19,13,6,3,2,6.0,16.0,14.0,,1610612754,IND,Indiana,50,12,16,12,1.0,14.0,11.0,
0029600562,00,1610612737,ATL,Atlanta,34,11,0,2,1,1,1.0,12.0,11.0,,1610612748,MIA,Miami,38,4,13,13,0.0,9.0,11.0,
0029600564,00,1610612761,TOR,Toronto,52,17,30,26,6,5,0.0,11.0,7.0,,1610612750,MIN,Minnesota,54,23,27,5,1.0,11.0,10.0,
0029600567,00,1610612742,DAL,Dallas,40,16,6,3,5,4,0.0,21.0,6.0,,1610612744,GSW,Golden State,34,10,8,13,0.0,8.0,8.0,
0029600565,00,1610612741,CHI,Chicago,20,12,15,17,3,1,4.0,23.0,10.0,,1610612752,NYK,New York,44,20,6,6,0.0,16.0,8.0,
0029600563,00,1610612766,CHH,Charlotte,30,18,7,0,8,7,0.0,12.0,13.0,,1610612745,HOU,Houston,54,14,8,5,0.0,17.0,4.0,
0029600568,00,1610612757,POR,Portland,56,5,18,21,4,2,0.0,16.0,12.0,,1610612746,LAC,Los Angeles,44,19,10,4,0.0,16.0,11.0,
0029600573,00,1610612765,DET,Detroit,28,17,6,8,15,13,1.0,10.0,7.0,,1610612758,SAC,Sacramento,30,13,10,7,1.0,12.0,5.0,
0029600570,00,1610612759,SAS,San Antonio,38,6,13,7,12,4,0.0,12.0,11.0,,1610612751,NJN,New Jersey,44,28,14,10,2.0,8.0,8.0,
0029600571,00,1610612743,DEN,Denver,36,30,20,16,0,0,0.0,11.0,4.0,,1610612763,VAN,Vancouver,32,9,11,0,1.0,16.0,11.0,
0029600582,00,1610612750,MIN,Minnesota,34,19,15,27,0,2,1.0,20.0,10.0,,1610612763,VAN,Vancouver,42,7,13,0,0.0,21.0,1.0,
0029600579,00,1610612751,NJN,New Jersey,56,19,9,0,0,0,1.0,9.0,5.0,,1610612745,HOU,Houston,68,17,23,23,1.0,15.0,6.0,
0029600581,00,1610612765,DET,Detroit,30,16,4,20,5,9,0.0,13.0,4.0,,1610612744,GSW,Golden State,22,5,4,7,0.0,17.0,9.0,
0029600577,00,1610612741,CHI,Chicago,32,24,6,19,1,1,0.0,22.0,7.0,,1610612739,CLE,Cleveland,24,6,18,11,1.0,18.0,4.0,
0029600578,00,1610612754,IND,Indiana,26,6,11,7,11,8,0.0,19.0,6.0,,1610612752,NYK,New York,30,10,14,7,0.0,14.0,2.0,
0029600575,00,1610612749,MIL,Milwaukee,44,15,11,1,2,1,1.0,11.0,7.0,,1610612753,ORL,Orlando,38,12,2,10,1.0,14.0,7.0,
0029600585,00,1610612752,NYK,New York,40,15,2,5,8,11,0.0,13.0,8.0,,1610612766,CHH,Charlotte,32,14,6,0,1.0,17.0,7.0,
0029600586,00,1610612764,WAS,Washington,60,10,10,7,17,12,0.0,7.0,6.0,,1610612737,ATL,Atlanta,38,16,3,13,0.0,11.0,6.0,
0029600589,00,1610612746,LAC,Los Angeles,50,18,9,15,5,4,1.0,13.0,9.0,,1610612743,DEN,Denver,44,17,5,4,0.0,18.0,10.0,
0029600584,00,1610612758,SAC,Sacramento,50,12,28,22,5,7,0.0,16.0,6.0,,1610612755,PHI,Philadelphia,50,17,20,7,1.0,21.0,7.0,
0029600587,00,1610612759,SAS,San Antonio,38,16,11,17,0,1,1.0,12.0,5.0,,1610612742,DAL,Dallas,48,26,12,0,0.0,11.0,13.0,
0029600588,00,1610612756,PHX,Phoenix,66,13,21,8,9,5,0.0,14.0,6.0,,1610612757,POR,Portland,42,18,11,14,0.0,10.0,12.0,
0029600596,00,1610612741,CHI,Chicago,48,8,24,23,7,0,0.0,12.0,6.0,,1610612761,TOR,Toronto,44,20,7,4,0.0,24.0,9.0,
0029600598,00,1610612745,HOU,Houston,30,14,2,9,21,16,0.0,19.0,11.0,,1610612762,UTA,Utah,32,11,13,5,1.0,13.0,7.0,
0029600591,00,1610612764,WAS,Washington,54,17,24,13,9,9,0.0,13.0,14.0,,1610612758,SAC,Sacramento,48,16,21,9,0.0,17.0,8.0,
0029600593,00,1610612739,CLE,Cleveland,48,17,11,33,1,2,0.0,11.0,16.0,,1610612766,CHH,Charlotte,24,6,3,0,0.0,17.0,8.0,
0029600594,00,1610612755,PHI,Philadelphia,30,12,11,3,8,3,3.0,16.0,14.0,,1610612765,DET,Detroit,30,17,7,20,0.0,13.0,5.0,
0029600592,00,1610612738,BOS,Boston,54,16,8,7,11,5,0.0,12.0,13.0,,1610612737,ATL,Atlanta,44,19,8,13,0.0,16.0,9.0,
0029600599,00,1610612757,POR,Portland,44,12,9,9,6,4,1.0,19.0,10.0,,1610612750,MIN,Minnesota,42,14,6,12,0.0,13.0,7.0,
0029600603,00,1610612747,LAL,Los Angeles,42,17,8,21,6,4,1.0,14.0,13.0,,1610612760,SEA,Seattle,44,12,19,2,0.0,7.0,11.0,
0029600602,00,1610612759,SAS,San Antonio,36,13,12,0,0,4,1.0,20.0,9.0,,1610612749,MIL,Milwaukee,40,6,12,18,0.0,13.0,8.0,
0029600604,00,1610612756,PHX,Phoenix,20,2,10,0,0,3,0.0,18.0,9.0,,1610612748,MIA,Miami,46,4,13,36,0.0,13.0,4.0,
0029600605,00,1610612763,VAN,Vancouver,38,18,8,4,4,5,2.0,16.0,6.0,,1610612744,GSW,Golden State,46,11,8,27,0.0,14.0,5.0,
0029600611,00,1610612749,MIL,Milwaukee,42,11,12,2,1,1,0.0,14.0,11.0,,1610612765,DET,Detroit,32,8,13,11,0.0,10.0,6.0,
0029600608,00,1610612753,ORL,Orlando,44,10,10,4,6,8,0.0,17.0,5.0,,1610612764,WAS,Washington,58,16,24,22,0.0,16.0,4.0,
0029600614,00,1610612743,DEN,Denver,40,16,18,10,6,5,0.0,18.0,13.0,,1610612762,UTA,Utah,48,19,15,15,1.0,16.0,6.0,
0029600613,00,1610612747,LAL,Los Angeles,46,6,19,23,7,2,1.0,15.0,4.0,,1610612742,DAL,Dallas,38,14,12,8,1.0,19.0,6.0,
0029600609,00,1610612757,POR,Portland,38,9,13,0,0,1,1.0,20.0,12.0,,1610612761,TOR,Toronto,58,10,42,37,0.0,15.0,8.0,
0029600616,00,1610612741,CHI,Chicago,58,23,22,26,0,0,0.0,20.0,8.0,,1610612763,VAN,Vancouver,58,19,12,0,1.0,26.0,3.0,
0029600610,00,1610612766,CHH,Charlotte,26,13,15,0,3,1,1.0,16.0,9.0,,1610612754,IND,Indiana,40,16,10,12,1.0,14.0,11.0,
0029600607,00,1610612751,NJN,New Jersey,16,5,4,0,0,1,0.0,20.0,9.0,,1610612739,CLE,Cleveland,30,15,9,25,1.0,12.0,7.0,
0029600623,00,1610612747,LAL,Los Angeles,38,18,19,8,14,8,0.0,13.0,14.0,,1610612759,SAS,San Antonio,40,12,20,8,0.0,14.0,9.0,
0029600620,00,1610612766,CHH,Charlotte,30,13,8,0,6,0,1.0,16.0,11.0,,1610612754,IND,Indiana,46,19,17,11,0.0,16.0,7.0,
0029600622,00,1610612757,POR,Portland,28,4,10,18,4,6,0.0,18.0,7.0,,1610612765,DET,Detroit,24,9,13,16,1.0,15.0,5.0,
0029600617,00,1610612755,PHI,Philadelphia,54,17,20,10,10,6,0.0,17.0,9.0,,1610612761,TOR,Toronto,44,29,14,7,0.0,15.0,10.0,
0029600618,00,1610612753,ORL,Orlando,54,18,7,8,17,8,0.0,15.0,16.0,,1610612756,PHX,Phoenix,56,12,29,7,0.0,10.0,3.0,
0029600619,00,1610612748,MIA,Miami,46,12,16,24,1,1,1.0,20.0,7.0,,1610612738,BOS,Boston,30,8,6,4,1.0,22.0,6.0,
0029600624,00,1610612744,GSW,Golden State,36,15,2,0,0,0,2.0,21.0,9.0,,1610612760,SEA,Seattle,36,23,2,36,0.0,18.0,6.0,
0029600621,00,1610612739,CLE,Cleveland,18,9,2,10,2,2,1.0,14.0,8.0,,1610612752,NYK,New York,34,4,4,10,0.0,13.0,9.0,
0029600629,00,1610612763,VAN,Vancouver,42,18,17,2,3,4,2.0,12.0,13.0,,1610612746,LAC,Los Angeles,38,16,13,21,0.0,17.0,8.0,
0029600630,00,1610612758,SAC,Sacramento,46,15,8,2,8,3,3.0,17.0,7.0,,1610612741,CHI,Chicago,38,12,14,18,0.0,12.0,9.0,
0029600625,00,1610612756,PHX,Phoenix,42,17,15,2,2,3,0.0,11.0,9.0,,1610612751,NJN,New Jersey,32,16,4,14,0.0,7.0,4.0,
0029600628,00,1610612737,ATL,Atlanta,20,7,5,2,4,7,0.0,8.0,9.0,,1610612762,UTA,Utah,50,12,8,19,1.0,12.0,5.0,
0029600636,00,1610612744,GSW,Golden State,36,16,2,0,0,0,2.0,22.0,3.0,,1610612741,CHI,Chicago,56,17,12,37,0.0,13.0,5.0,
0029600631,00,1610612738,BOS,Boston,56,13,19,6,1,4,0.0,14.0,7.0,,1610612757,POR,Portland,56,15,6,23,2.0,22.0,7.0,
0029600637,00,1610612764,WAS,Washington,34,22,5,3,8,3,1.0,20.0,8.0,,1610612760,SEA,Seattle,40,10,11,12,1.0,14.0,11.0,
0029600635,00,1610612750,MIN,Minnesota,42,19,0,9,8,8,0.0,13.0,9.0,,1610612759,SAS,San Antonio,40,9,19,9,1.0,14.0,5.0,
0029600633,00,1610612749,MIL,Milwaukee,46,14,2,4,7,2,1.0,10.0,7.0,,1610612766,CHH,Charlotte,30,7,10,0,0.0,16.0,13.0,
0029600632,00,1610612755,PHI,Philadelphia,44,14,18,9,2,5,0.0,22.0,12.0,,1610612753,ORL,Orlando,44,19,16,19,0.0,17.0,7.0,
0029600638,00,1610612763,VAN,Vancouver,30,12,21,4,15,5,2.0,14.0,2.0,,1610612737,ATL,Atlanta,36,11,12,13,1.0,16.0,6.0,
0029600634,00,1610612754,IND,Indiana,38,21,14,32,4,2,1.0,19.0,8.0,,1610612745,HOU,Houston,32,10,21,2,1.0,20.0,12.0,
0029600640,00,1610612761,TOR,Toronto,46,16,38,26,3,2,1.0,15.0,10.0,,1610612756,PHX,Phoenix,26,13,19,8,0.0,16.0,9.0,
0029600639,00,1610612765,DET,Detroit,40,3,10,16,0,1,1.0,9.0,8.0,,1610612751,NJN,New Jersey,18,16,9,0,0.0,9.0,3.0,
0029600644,00,1610612743,DEN,Denver,42,16,17,7,12,7,0.0,9.0,10.0,,1610612758,SAC,Sacramento,40,22,19,11,1.0,13.0,10.0,
0029600645,00,1610612746,LAC,Los Angeles,48,19,16,15,6,7,0.0,19.0,4.0,,1610612744,GSW,Golden State,30,12,15,6,2.0,13.0,7.0,
0029600643,00,1610612762,UTA,Utah,36,27,18,12,2,5,1.0,15.0,6.0,,1610612742,DAL,Dallas,36,15,13,13,0.0,15.0,6.0,
0029600641,00,1610612739,CLE,Cleveland,28,9,12,7,11,5,2.0,18.0,2.0,,1610612748,MIA,Miami,26,7,4,9,0.0,16.0,7.0,
0029600642,00,1610612749,MIL,Milwaukee,56,11,21,13,21,13,0.0,20.0,8.0,,1610612755,PHI,Philadelphia,56,17,18,9,0.0,19.0,10.0,
0029600653,00,1610612737,ATL,Atlanta,34,28,13,3,1,2,1.0,9.0,6.0,,1610612743,DEN,Denver,46,22,21,16,1.0,12.0,14.0,
0029600650,00,1610612765,DET,Detroit,40,15,10,1,4,7,0.0,18.0,11.0,,1610612756,PHX,Phoenix,54,20,10,13,2.0,18.0,10.0,
0029600647,00,1610612752,NYK,New York,32,19,4,4,3,5,1.0,20.0,6.0,,1610612766,CHH,Charlotte,32,6,6,0,1.0,18.0,11.0,
0029600648,00,1610612745,HOU,Houston,52,8,9,14,3,2,1.0,20.0,9.0,,1610612753,ORL,Orlando,52,16,22,21,0.0,10.0,9.0,
0029600655,00,1610612741,CHI,Chicago,30,12,9,19,2,2,1.0,14.0,10.0,,1610612760,SEA,Seattle,26,19,6,4,0.0,17.0,8.0,
0029600654,00,1610612764,WAS,Washington,50,14,23,0,0,0,0.0,14.0,6.0,,1610612747,LAL,Los Angeles,72,21,32,36,0.0,14.0,11.0,
0029600646,00,1610612763,VAN,Vancouver,54,14,13,16,5,0,0.0,20.0,11.0,,1610612738,BOS,Boston,54,30,18,4,1.0,15.0,11.0,
0029600652,00,1610612750,MIN,Minnesota,38,11,12,10,7,7,0.0,10.0,12.0,,1610612757,POR,Portland,36,21,13,2,1.0,15.0,17.0,
0029600656,00,1610612761,TOR,Toronto,52,15,25,9,11,3,0.0,19.0,3.0,,1610612738,BOS,Boston,48,12,30,14,1.0,15.0,13.0,
0029600658,00,1610612762,UTA,Utah,54,16,13,38,0,0,1.0,19.0,10.0,,1610612764,WAS,Washington,38,19,8,0,1.0,18.0,8.0,
0029600662,00,1610612766,CHH,Charlotte,38,10,6,0,2,3,1.0,13.0,7.0,,1610612750,MIN,Minnesota,42,10,4,6,1.0,12.0,6.0,
0029600664,00,1610612758,SAC,Sacramento,32,13,15,2,3,2,0.0,19.0,8.0,,1610612742,DAL,Dallas,28,13,19,16,0.0,22.0,9.0,
0029600659,00,1610612752,NYK,New York,32,16,16,8,14,9,0.0,16.0,7.0,,1610612745,HOU,Houston,34,8,8,7,0.0,23.0,13.0,
0029600661,00,1610612753,ORL,Orlando,56,17,14,27,11,5,0.0,16.0,10.0,,1610612754,IND,Indiana,44,11,18,5,0.0,19.0,6.0,
0029600665,00,1610612746,LAC,Los Angeles,54,12,25,26,7,1,1.0,26.0,5.0,,1610612747,LAL,Los Angeles,40,9,15,9,0.0,17.0,11.0,
0029600666,00,1610612737,ATL,Atlanta,40,18,6,25,3,4,0.0,9.0,7.0,,1610612744,GSW,Golden State,34,12,8,2,1.0,11.0,8.0,
0029600667,00,1610612741,CHI,Chicago,26,12,8,4,15,9,1.0,8.0,12.0,,1610612757,POR,Portland,36,24,8,9,2.0,17.0,17.0,
0029600660,00,1610612763,VAN,Vancouver,32,15,10,6,5,5,1.0,10.0,9.0,,1610612751,NJN,New Jersey,50,31,16,18,0.0,10.0,8.0,
0029600670,00,1610612761,TOR,Toronto,36,4,11,6,2,3,2.0,11.0,15.0,,1610612739,CLE,Cleveland,22,17,17,9,0.0,15.0,10.0,
0029600671,00,1610612764,WAS,Washington,42,10,23,4,10,5,0.0,17.0,9.0,,1610612743,DEN,Denver,40,18,18,11,0.0,17.0,9.0,
0029600672,00,1610612756,PHX,Phoenix,56,17,21,30,8,4,0.0,9.0,7.0,,1610612737,ATL,Atlanta,34,13,15,5,0.0,14.0,12.0,
0029600668,00,1610612738,BOS,Boston,58,16,23,4,5,8,0.0,13.0,8.0,,1610612748,MIA,Miami,46,15,27,11,2.0,21.0,9.0,
0029600674,00,1610612760,SEA,Seattle,48,13,2,3,16,10,0.0,17.0,5.0,,1610612762,UTA,Utah,40,4,14,10,0.0,18.0,10.0,
0029600673,00,1610612741,CHI,Chicago,26,16,11,3,5,6,1.0,13.0,10.0,,1610612747,LAL,Los Angeles,52,12,17,18,1.0,11.0,10.0,
0029600669,00,1610612759,SAS,San Antonio,38,19,10,0,0,1,1.0,10.0,7.0,,1610612755,PHI,Philadelphia,48,10,14,26,0.0,11.0,9.0,
0029600681,00,1610612763,VAN,Vancouver,46,17,8,9,3,4,0.0,16.0,9.0,,1610612750,MIN,Minnesota,44,15,11,20,0.0,12.0,10.0,
0029600677,00,1610612738,BOS,Boston,60,19,22,10,3,5,1.0,21.0,10.0,,1610612753,ORL,Orlando,64,17,6,11,0.0,17.0,14.0,
0029600679,00,1610612758,SAC,Sacramento,34,13,3,1,2,0,0.0,15.0,11.0,,1610612766,CHH,Charlotte,38,3,9,0,1.0,12.0,9.0,
0029600675,00,1610612752,NYK,New York,34,16,14,18,6,4,1.0,17.0,7.0,,1610612759,SAS,San Antonio,34,18,5,6,1.0,14.0,12.0,
0029600689,00,1610612763,VAN,Vancouver,48,17,4,8,13,4,1.0,22.0,10.0,0.0,1610612745,HOU,Houston,60,21,12,12,0.0,14.0,5.0,0.0
0029600685,00,1610612755,PHI,Philadelphia,46,14,8,0,0,3,1.0,11.0,8.0,,1610612739,CLE,Cleveland,44,17,13,14,0.0,18.0,8.0,
0029600688,00,1610612742,DAL,Dallas,36,20,13,2,3,0,1.0,11.0,6.0,,1610612759,SAS,San Antonio,48,20,16,22,1.0,8.0,3.0,
0029600692,00,1610612756,PHX,Phoenix,48,14,14,9,13,11,0.0,9.0,12.0,,1610612757,POR,Portland,48,10,23,7,1.0,12.0,12.0,
0029600683,00,1610612751,NJN,New Jersey,32,15,18,7,15,16,0.0,11.0,12.0,,1610612753,ORL,Orlando,50,8,11,5,0.0,20.0,7.0,
0029600691,00,1610612762,UTA,Utah,50,14,15,31,6,7,1.0,11.0,6.0,,1610612758,SAC,Sacramento,46,15,9,2,0.0,16.0,8.0,
0029600682,00,1610612764,WAS,Washington,46,14,10,12,5,1,0.0,19.0,16.0,,1610612752,NYK,New York,30,3,14,10,0.0,15.0,11.0,
0029600687,00,1610612761,TOR,Toronto,32,16,18,6,7,9,0.0,13.0,11.0,,1610612749,MIL,Milwaukee,44,9,10,13,0.0,15.0,8.0,
0029600684,00,1610612748,MIA,Miami,48,21,11,20,2,3,1.0,16.0,11.0,,1610612765,DET,Detroit,42,13,9,4,0.0,12.0,7.0,
0029600693,00,1610612760,SEA,Seattle,62,14,17,31,1,4,1.0,17.0,11.0,,1610612743,DEN,Denver,42,12,4,4,3.0,29.0,7.0,
0029600697,00,1610612754,IND,Indiana,30,5,0,10,3,11,1.0,16.0,13.0,,1610612739,CLE,Cleveland,34,4,16,11,1.0,16.0,7.0,
0029600699,00,1610612759,SAS,San Antonio,52,20,13,0,0,0,0.0,17.0,7.0,,1610612763,VAN,Vancouver,36,21,9,22,1.0,14.0,7.0,
0029600694,00,1610612766,CHH,Charlotte,52,15,10,0,6,3,0.0,14.0,6.0,,1610612751,NJN,New Jersey,36,21,10,5,0.0,10.0,9.0,
0029600700,00,1610612756,PHX,Phoenix,66,14,33,43,3,6,0.0,15.0,6.0,,1610612738,BOS,Boston,40,21,19,3,0.0,12.0,12.0,
0029600695,00,1610612737,ATL,Atlanta,46,17,9,28,4,2,0.0,17.0,7.0,,1610612761,TOR,Toronto,24,12,2,1,1.0,24.0,8.0,
0029600698,00,1610612750,MIN,Minnesota,32,18,10,1,4,4,0.0,15.0,14.0,,1610612747,LAL,Los Angeles,56,15,13,20,0.0,14.0,8.0,
0029600703,00,1610612742,DAL,Dallas,52,13,19,10,6,15,0.0,12.0,6.0,,1610612744,GSW,Golden State,50,15,23,11,1.0,14.0,6.0,
0029600702,00,1610612754,IND,Indiana,50,12,9,4,3,4,2.0,27.0,8.0,,1610612748,MIA,Miami,44,3,26,30,2.0,20.0,5.0,
0029600704,00,1610612743,DEN,Denver,26,8,9,2,4,3,0.0,19.0,8.0,,1610612747,LAL,Los Angeles,46,14,26,33,0.0,8.0,12.0,
0029600701,00,1610612755,PHI,Philadelphia,26,9,12,9,2,3,1.0,21.0,15.0,,1610612752,NYK,New York,52,16,12,19,0.0,17.0,17.0,
0029600706,00,1610612758,SAC,Sacramento,44,20,15,10,4,7,1.0,15.0,14.0,,1610612746,LAC,Los Angeles,32,20,13,3,0.0,12.0,11.0,
0029600705,00,1610612757,POR,Portland,46,16,11,0,0,2,0.0,16.0,9.0,,1610612762,UTA,Utah,48,7,24,35,0.0,19.0,13.0,
0029600713,00,1610612746,LAC,Los Angeles,30,7,2,8,3,2,1.0,20.0,10.0,,1610612756,PHX,Phoenix,70,26,19,21,0.0,16.0,4.0,
0029600709,00,1610612741,CHI,Chicago,36,17,6,9,5,7,0.0,16.0,11.0,,1610612737,ATL,Atlanta,38,10,6,9,2.0,14.0,3.0,
0029600714,00,1610612745,HOU,Houston,28,7,10,3,8,2,1.0,22.0,10.0,,1610612760,SEA,Seattle,70,9,24,23,1.0,11.0,5.0,
0029600707,00,1610612764,WAS,Washington,68,24,22,24,3,0,0.0,16.0,11.0,,1610612751,NJN,New Jersey,36,12,4,6,0.0,17.0,10.0,
0029600710,00,1610612749,MIL,Milwaukee,50,17,23,6,15,14,0.0,20.0,19.0,,1610612761,TOR,Toronto,68,16,21,14,2.0,17.0,15.0,
0029600712,00,1610612744,GSW,Golden State,48,10,16,14,3,2,2.0,10.0,6.0,,1610612759,SAS,San Antonio,42,17,18,4,0.0,12.0,11.0,
0029600715,00,1610612763,VAN,Vancouver,68,11,13,12,6,14,1.0,17.0,16.0,,1610612738,BOS,Boston,60,22,18,3,0.0,14.0,6.0,
0029600717,00,1610612755,PHI,Philadelphia,34,22,7,3,2,1,1.0,18.0,12.0,,1610612748,MIA,Miami,54,20,20,30,0.0,16.0,9.0,
0029600719,00,1610612737,ATL,Atlanta,52,23,19,21,4,1,0.0,15.0,8.0,,1610612759,SAS,San Antonio,32,13,8,1,1.0,14.0,6.0,
0029600718,00,1610612743,DEN,Denver,42,15,26,1,2,7,0.0,20.0,7.0,,1610612749,MIL,Milwaukee,46,12,22,13,0.0,15.0,6.0,
0029600724,00,1610612765,DET,Detroit,34,16,16,4,10,7,2.0,16.0,9.0,,1610612761,TOR,Toronto,42,21,15,17,1.0,12.0,12.0,
0029600723,00,1610612755,PHI,Philadelphia,46,21,6,2,1,4,1.0,13.0,9.0,,1610612743,DEN,Denver,42,16,12,20,1.0,12.0,11.0,
0029600728,00,1610612758,SAC,Sacramento,48,17,18,26,10,8,0.0,12.0,14.0,,1610612744,GSW,Golden State,40,15,18,4,0.0,16.0,7.0,
0029600727,00,1610612747,LAL,Los Angeles,46,14,13,6,4,15,1.0,16.0,6.0,,1610612760,SEA,Seattle,44,21,8,11,0.0,10.0,11.0,
0029600725,00,1610612741,CHI,Chicago,50,23,12,25,1,1,0.0,15.0,6.0,,1610612753,ORL,Orlando,32,10,11,2,1.0,17.0,10.0,
0029600722,00,1610612754,IND,Indiana,20,9,2,19,1,2,1.0,24.0,9.0,,1610612752,NYK,New York,34,6,6,9,2.0,17.0,7.0,
0029600729,00,1610612738,BOS,Boston,56,22,18,6,4,10,1.0,22.0,16.0,,1610612757,POR,Portland,64,10,15,12,0.0,13.0,7.0,
0029600734,00,1610612737,ATL,Atlanta,44,7,4,5,3,6,0.0,15.0,5.0,,1610612745,HOU,Houston,48,14,22,32,1.0,23.0,9.0,
0029600736,00,1610612763,VAN,Vancouver,50,6,11,4,1,2,0.0,12.0,3.0,,1610612742,DAL,Dallas,42,21,6,17,0.0,12.0,12.0,
0029600735,00,1610612760,SEA,Seattle,58,13,16,7,22,16,1.0,19.0,10.0,,1610612738,BOS,Boston,46,17,7,8,1.0,19.0,4.0,
0029600731,00,1610612766,CHH,Charlotte,46,10,24,0,4,13,0.0,16.0,7.0,,1610612753,ORL,Orlando,44,34,9,8,2.0,13.0,9.0,
0029600742,00,1610612750,MIN,Minnesota,46,16,11,5,1,4,0.0,20.0,4.0,,1610612758,SAC,Sacramento,42,12,20,22,4.0,16.0,10.0,
0029600741,00,1610612746,LAC,Los Angeles,40,8,18,19,0,0,1.0,23.0,7.0,,1610612742,DAL,Dallas,26,6,9,0,0.0,17.0,9.0,
0029600740,00,1610612759,SAS,San Antonio,34,15,0,3,8,6,1.0,17.0,10.0,,1610612762,UTA,Utah,58,9,18,20,0.0,12.0,4.0,
0029600738,00,1610612755,PHI,Philadelphia,24,18,4,3,5,6,1.0,11.0,16.0,,1610612748,MIA,Miami,52,10,26,28,1.0,10.0,6.0,
0029600739,00,1610612741,CHI,Chicago,56,26,15,27,5,5,0.0,7.0,6.0,,1610612743,DEN,Denver,56,17,10,2,0.0,15.0,5.0,
0029600750,00,1610612763,VAN,Vancouver,40,13,9,5,2,5,3.0,19.0,6.0,,1610612750,MIN,Minnesota,52,10,10,22,1.0,17.0,7.0,
0029600747,00,1610612761,TOR,Toronto,50,19,16,35,0,1,0.0,14.0,8.0,,1610612759,SAS,San Antonio,48,15,19,0,0.0,11.0,11.0,
0029600746,00,1610612764,WAS,Washington,24,14,7,5,9,1,1.0,11.0,7.0,,1610612765,DET,Detroit,24,13,5,23,0.0,7.0,11.0,
0029600744,00,1610612756,PHX,Phoenix,40,13,6,8,11,12,0.0,14.0,12.0,,1610612766,CHH,Charlotte,40,13,8,0,0.0,11.0,9.0,
0029600745,00,1610612754,IND,Indiana,38,14,6,1,6,4,1.0,14.0,12.0,,1610612737,ATL,Atlanta,36,12,12,24,2.0,12.0,9.0,
0029600754,00,1610612749,MIL,Milwaukee,40,17,18,16,1,2,0.0,15.0,9.0,,1610612742,DAL,Dallas,52,18,23,7,1.0,12.0,9.0,
0029600756,00,1610612762,UTA,Utah,82,21,29,20,8,2,0.0,19.0,9.0,,1610612738,BOS,Boston,40,6,12,3,0.0,15.0,4.0,
0029600753,00,1610612743,DEN,Denver,26,10,15,0,0,0,0.0,17.0,9.0,,1610612754,IND,Indiana,48,21,18,26,0.0,10.0,13.0,
0029600751,00,1610612751,NJN,New Jersey,32,18,15,6,15,6,0.0,9.0,5.0,,1610612748,MIA,Miami,38,5,22,12,0.0,16.0,9.0,
0029600755,00,1610612761,TOR,Toronto,42,14,0,6,3,3,0.0,13.0,7.0,,1610612745,HOU,Houston,50,12,22,15,0.0,18.0,12.0,
0029600759,00,1610612743,DEN,Denver,28,19,9,5,16,13,2.0,23.0,11.0,,1610612753,ORL,Orlando,46,20,14,13,0.0,5.0,10.0,
0029600758,00,1610612741,CHI,Chicago,30,12,2,14,2,3,1.0,16.0,6.0,,1610612764,WAS,Washington,52,22,10,4,1.0,14.0,8.0,
0029600761,00,1610612746,LAC,Los Angeles,46,16,15,9,4,6,0.0,18.0,7.0,,1610612766,CHH,Charlotte,56,23,9,0,0.0,13.0,10.0,
0029600767,00,1610612747,LAL,Los Angeles,48,13,16,11,12,8,1.0,15.0,9.0,0.0,1610612763,VAN,Vancouver,38,9,8,6,2.0,12.0,6.0,0.0
0029600765,00,1610612759,SAS,San Antonio,58,12,12,21,3,3,1.0,13.0,7.0,,1610612749,MIL,Milwaukee,42,21,12,9,0.0,14.0,8.0,
0029600760,00,1610612757,POR,Portland,60,15,13,10,18,12,0.0,11.0,6.0,,1610612748,MIA,Miami,32,11,8,11,1.0,12.0,9.0,
0029600768,00,1610612760,SEA,Seattle,44,8,12,25,5,4,0.0,18.0,4.0,,1610612752,NYK,New York,10,8,4,5,2.0,24.0,13.0,
0029600763,00,1610612751,NJN,New Jersey,30,10,8,1,6,2,0.0,14.0,5.0,,1610612765,DET,Detroit,42,7,16,21,0.0,11.0,4.0,
0029600766,00,1610612756,PHX,Phoenix,40,8,8,11,6,9,0.0,18.0,8.0,,1610612739,CLE,Cleveland,30,13,9,12,1.0,15.0,8.0,
0029600764,00,1610612744,GSW,Golden State,42,19,17,0,0,2,0.0,22.0,11.0,,1610612750,MIN,Minnesota,40,16,8,27,0.0,17.0,9.0,
0029600762,00,1610612745,HOU,Houston,26,16,8,2,7,5,1.0,19.0,10.0,0.0,1610612737,ATL,Atlanta,24,13,8,14,1.0,9.0,9.0,0.0
0029600771,00,1610612741,CHI,Chicago,36,12,25,37,1,1,0.0,16.0,8.0,,1610612744,GSW,Golden State,42,20,8,2,0.0,20.0,7.0,
0029600769,00,1610612757,POR,Portland,42,13,15,0,0,1,0.0,16.0,4.0,,1610612755,PHI,Philadelphia,56,17,14,18,0.0,19.0,11.0,
0029600772,00,1610612761,TOR,Toronto,60,17,24,11,1,0,0.0,11.0,4.0,,1610612742,DAL,Dallas,44,12,14,10,0.0,15.0,7.0,
0029600782,00,1610612739,CLE,Cleveland,34,16,0,8,10,11,0.0,12.0,6.0,,1610612763,VAN,Vancouver,44,16,10,10,0.0,8.0,4.0,
0029600780,00,1610612756,PHX,Phoenix,34,6,7,16,9,5,0.0,12.0,9.0,,1610612742,DAL,Dallas,48,28,7,4,2.0,16.0,10.0,
0029600779,00,1610612760,SEA,Seattle,38,9,6,12,7,9,1.0,16.0,12.0,,1610612762,UTA,Utah,36,11,16,6,1.0,15.0,10.0,
0029600773,00,1610612738,BOS,Boston,36,16,17,10,8,5,1.0,15.0,15.0,,1610612751,NJN,New Jersey,46,8,18,18,1.0,15.0,13.0,
0029600775,00,1610612748,MIA,Miami,38,15,13,15,6,4,1.0,13.0,7.0,,1610612743,DEN,Denver,42,11,10,10,0.0,17.0,9.0,
0029600774,00,1610612764,WAS,Washington,38,6,8,6,5,2,1.0,14.0,10.0,,1610612765,DET,Detroit,36,2,15,13,0.0,11.0,7.0,
0029600777,00,1610612749,MIL,Milwaukee,44,11,22,10,6,11,0.0,16.0,9.0,,1610612746,LAC,Los Angeles,46,19,33,16,0.0,17.0,5.0,
0029600778,00,1610612745,HOU,Houston,40,6,10,17,6,7,1.0,7.0,6.0,,1610612759,SAS,San Antonio,44,12,6,2,1.0,11.0,6.0,
0029600783,00,1610612765,DET,Detroit,32,15,16,3,8,4,0.0,18.0,11.0,,1610612753,ORL,Orlando,38,10,15,19,0.0,14.0,6.0,
0029600786,00,1610612766,CHH,Charlotte,44,18,4,0,0,0,0.0,10.0,8.0,,1610612759,SAS,San Antonio,46,11,6,0,2.0,12.0,7.0,
0029600785,00,1610612741,CHI,Chicago,44,29,20,30,3,1,0.0,14.0,2.0,,1610612757,POR,Portland,48,18,12,3,0.0,15.0,6.0,
0029600784,00,1610612737,ATL,Atlanta,40,15,11,16,2,10,1.0,16.0,14.0,,1610612744,GSW,Golden State,38,9,4,3,4.0,20.0,12.0,
0029600788,00,1610612754,IND,Indiana,40,8,10,2,3,7,1.0,23.0,7.0,,1610612764,WAS,Washington,50,15,18,29,2.0,22.0,4.0,
0029600789,00,1610612760,SEA,Seattle,18,12,2,8,7,12,1.0,18.0,6.0,,1610612739,CLE,Cleveland,24,17,4,7,1.0,17.0,11.0,
0029600793,00,1610612762,UTA,Utah,50,16,14,18,10,7,1.0,11.0,8.0,,1610612752,NYK,New York,18,4,7,2,1.0,27.0,4.0,
0029600791,00,1610612745,HOU,Houston,50,11,8,20,4,1,0.0,18.0,7.0,,1610612747,LAL,Los Angeles,42,13,22,3,1.0,12.0,11.0,
0029600787,00,1610612758,SAC,Sacramento,38,14,14,4,6,11,0.0,16.0,7.0,,1610612751,NJN,New Jersey,46,11,27,10,1.0,13.0,7.0,
0029600792,00,1610612743,DEN,Denver,52,21,15,6,16,11,0.0,22.0,8.0,,1610612761,TOR,Toronto,48,10,20,9,2.0,19.0,4.0,
0029600794,00,1610612755,PHI,Philadelphia,58,16,10,0,0,0,2.0,20.0,11.0,,1610612746,LAC,Los Angeles,46,14,19,17,0.0,19.0,12.0,
0029600797,00,1610612744,GSW,Golden State,26,16,4,6,1,0,1.0,15.0,10.0,,1610612765,DET,Detroit,38,12,15,35,0.0,4.0,7.0,